"","state","puma","X","jpumarow","serialno.household","sex","age","educ","income","latino","black","asian","married","divorced","uscitizen","children","disability","militaryservice","employed","englishability","fips"
"10227",13,1101,535,11,5345874,1,32,13,0,0,0,0,1,0,1,1,0,0,0,NA,13121
"16528",13,1102,536,12,8801250,0,38,10,38000,0,0,0,1,0,1,0,0,0,1,NA,13121
"15090",13,1102,536,12,2382951,0,27,13,52000,0,0,0,1,0,1,0,0,0,1,NA,13121
"27183",13,1105,539,15,6597877,0,22,7,0,0,0,0,0,0,1,0,1,0,0,NA,13121
"18425",13,1102,536,12,7334299,0,33,13,125100,0,0,0,0,1,0,0,0,0,1,NA,13121
"22391",13,1104,538,14,1067287,1,49,9,13000,0,0,0,1,0,1,0,0,0,1,NA,13121
"13970",13,1102,536,12,2331996,1,52,13,32100,0,0,0,1,0,1,0,0,0,0,NA,13121
"33772",13,1107,541,17,4357066,1,69,14,41000,0,1,0,0,1,1,0,0,0,0,NA,13121
"24162",13,1104,538,14,1646674,0,20,11,2000,0,0,1,0,0,1,0,0,0,0,NA,13121
"28039",13,1105,539,15,2662750,1,43,14,60000,0,0,0,0,0,1,0,1,0,1,NA,13121
"18574",13,1103,537,13,9762922,0,51,15,316000,0,0,0,1,0,1,0,0,1,1,NA,13121
"33397",13,1107,541,17,1078335,0,80,16,54400,0,1,0,1,0,1,0,0,1,0,NA,13121
"25272",13,1104,538,14,9090864,1,24,9,12200,0,1,0,0,0,1,1,0,0,0,NA,13121
"30752",13,1106,540,16,2132269,1,69,9,14800,0,1,0,1,0,1,0,0,0,1,NA,13121
"15523",13,1102,536,12,9144092,0,52,14,150000,0,0,0,0,0,0,0,0,0,0,1,13121
"31220",13,1106,540,16,1013225,1,76,6,9600,0,1,0,0,1,1,0,1,0,0,NA,13121
"16053",13,1102,536,12,6777569,1,48,14,10000,0,0,0,1,0,1,1,0,0,0,NA,13121
"33570",13,1107,541,17,6251882,1,48,9,15000,0,0,0,1,0,1,0,0,0,1,NA,13121
"31410",13,1106,540,16,688750,0,41,9,25000,0,1,0,1,0,1,0,0,0,1,NA,13121
"18289",13,1102,536,12,4923173,0,38,13,60500,0,0,0,1,0,1,0,0,0,1,NA,13121
"18141",13,1102,536,12,1715049,0,20,12,35000,0,0,1,0,0,1,0,0,0,1,1,13121
"22904",13,1104,538,14,9529085,0,52,9,18000,0,1,0,0,0,1,0,0,0,0,NA,13121
"17860",13,1102,536,12,2865863,0,46,16,130000,0,0,1,1,0,1,0,0,0,1,1,13121
"23860",13,1104,538,14,5800868,0,44,6,6100,0,1,0,0,0,1,0,1,0,0,1,13121
"23057",13,1104,538,14,8346704,0,35,12,66000,0,0,0,0,0,1,0,0,0,1,NA,13121
"15339",13,1102,536,12,98542,1,42,14,105200,0,0,0,0,0,1,0,0,0,1,NA,13121
"26715",13,1105,539,15,8784100,0,61,6,24300,0,1,0,1,0,1,0,0,1,1,NA,13121
"31915",13,1106,540,16,3373574,0,35,11,20000,0,1,0,0,0,1,0,0,0,0,NA,13121
"26613",13,1105,539,15,5956989,1,50,11,0,0,1,0,1,0,1,1,0,0,0,NA,13121
"16711",13,1102,536,12,6303656,0,48,14,315000,0,0,0,0,0,1,0,0,0,1,NA,13121
"19576",13,1103,537,13,9926860,1,50,16,85000,0,0,0,1,0,1,0,0,0,1,NA,13121
"13084",13,1102,536,12,9157583,0,68,9,40300,0,0,0,1,0,1,0,0,1,0,1,13121
"24545",13,1104,538,14,5938717,1,18,9,3000,0,1,0,0,0,1,0,0,0,0,NA,13121
"10570",13,1101,535,11,5419244,1,68,9,0,0,0,0,0,0,1,0,0,0,0,NA,13121
"27620",13,1105,539,15,3411133,1,41,9,9900,0,1,0,0,0,1,1,0,0,1,NA,13121
"16745",13,1102,536,12,4006007,0,84,8,10000,0,0,0,0,0,1,0,1,1,0,NA,13121
"28721",13,1105,539,15,1006507,0,52,11,10000,0,1,0,1,0,1,0,0,0,1,NA,13121
"31535",13,1106,540,16,9200796,1,19,5,0,0,1,0,0,0,1,0,1,0,0,NA,13121
"21054",13,1103,537,13,1037234,1,51,13,18000,0,0,0,1,0,1,1,0,0,0,NA,13121
"20457",13,1103,537,13,5278223,1,42,15,156000,0,0,0,1,0,1,1,0,0,1,NA,13121
"26836",13,1105,539,15,6398642,0,41,11,39700,0,1,0,1,0,1,0,0,1,1,NA,13121
"34175",13,1107,541,17,5715199,1,41,12,21800,0,1,0,1,0,1,1,0,0,1,NA,13121
"18710",13,1103,537,13,4709322,0,48,11,48000,1,0,0,0,0,1,0,0,0,0,1,13121
"34950",13,1107,541,17,1715754,1,46,4,0,0,1,0,1,0,1,0,1,0,0,NA,13121
"34491",13,1107,541,17,9201339,0,55,9,4900,0,1,0,0,0,1,0,1,0,0,NA,13121
"27240",13,1105,539,15,3010534,0,21,5,5000,0,1,0,0,0,1,0,1,0,1,NA,13121
"14863",13,1102,536,12,2866796,1,41,13,132000,0,0,0,0,0,1,1,0,0,1,NA,13121
"25766",13,1104,538,14,1291796,0,36,11,69000,0,0,0,1,0,1,0,0,1,1,NA,13121
"32160",13,1106,540,16,4443117,1,22,9,1100,0,1,0,0,0,1,0,0,0,0,NA,13121
"18998",13,1103,537,13,9613611,0,56,14,34500,0,0,0,1,0,1,0,0,1,1,NA,13121
"24715",13,1104,538,14,5729439,0,30,14,15450,0,0,1,0,0,0,0,0,0,1,1,13121
"18687",13,1103,537,13,224366,0,22,13,0,1,0,0,1,0,1,0,0,0,0,NA,13121
"29109",13,1105,539,15,7277073,1,44,11,16900,0,1,0,1,0,1,1,0,1,1,NA,13121
"28795",13,1105,539,15,2870347,1,51,7,6250,0,1,0,0,0,1,0,1,0,0,NA,13121
"31440",13,1106,540,16,4248361,0,18,6,5000,0,1,0,0,0,1,0,0,0,1,NA,13121
"31341",13,1106,540,16,212139,0,72,11,0,0,1,0,1,0,1,0,0,1,0,NA,13121
"22720",13,1104,538,14,7889363,1,33,14,0,0,0,0,1,0,1,1,0,0,0,1,13121
"14625",13,1102,536,12,2866796,1,42,14,11200,0,0,0,0,0,1,0,0,0,0,NA,13121
"30316",13,1106,540,16,6319806,1,26,10,0,0,1,0,0,0,1,1,0,0,0,NA,13121
"30303",13,1106,540,16,1728299,1,49,11,30000,0,1,0,0,0,1,0,1,0,1,NA,13121
"33102",13,1107,541,17,2424079,1,39,9,13800,0,1,0,0,0,1,1,1,0,1,NA,13121
"32073",13,1106,540,16,9623098,1,31,9,13400,0,1,0,0,0,1,0,0,0,1,NA,13121
"33450",13,1107,541,17,2233085,0,30,9,14600,0,1,0,0,0,1,0,0,0,1,NA,13121
"18499",13,1102,536,12,5416674,1,51,11,55000,0,1,0,0,0,1,0,0,0,1,NA,13121
"11191",13,1101,535,11,328918,1,38,13,49100,0,0,0,1,0,1,1,0,0,1,NA,13121
"16477",13,1102,536,12,9085537,1,57,11,40000,0,0,0,0,0,1,0,0,0,1,NA,13121
"12898",13,1102,536,12,5611179,1,24,12,18000,0,0,0,1,0,1,0,0,0,1,NA,13121
"26382",13,1105,539,15,3599084,1,58,9,0,0,1,0,0,1,1,0,0,0,0,NA,13121
"14368",13,1102,536,12,4262507,0,76,11,37000,0,0,0,0,0,1,0,0,1,0,NA,13121
"33394",13,1107,541,17,7552370,1,67,14,21900,0,1,0,1,0,1,0,0,0,0,NA,13121
"23243",13,1104,538,14,9005799,1,30,13,35400,0,0,0,0,0,1,0,0,0,1,1,13121
"31830",13,1106,540,16,3893327,1,41,7,7200,0,1,0,0,0,1,1,1,0,0,NA,13121
"22441",13,1104,538,14,9560368,1,47,9,410,0,1,0,0,1,1,0,0,0,0,NA,13121
"24891",13,1104,538,14,994232,1,22,11,0,0,0,0,0,0,1,0,0,0,0,1,13121
"12793",13,1101,535,11,975524,1,54,13,87000,0,0,0,1,0,1,0,0,0,0,NA,13121
"27002",13,1105,539,15,9159412,0,69,14,35640,0,0,0,1,0,1,0,0,1,1,NA,13121
"19144",13,1103,537,13,1900631,0,43,13,315000,0,0,0,1,0,1,0,0,0,1,NA,13121
"20207",13,1103,537,13,9071651,0,60,7,14000,0,1,0,0,0,1,0,1,0,1,NA,13121
"21941",13,1103,537,13,3937666,1,48,14,12000,1,1,0,1,0,1,0,0,0,1,NA,13121
"24042",13,1104,538,14,9697977,1,32,9,5100,0,1,0,0,0,1,0,0,0,0,NA,13121
"29284",13,1106,540,16,8043580,1,70,9,10100,0,1,0,1,0,1,0,0,0,0,NA,13121
"31407",13,1106,540,16,2113476,1,56,14,9000,0,1,0,0,0,1,0,1,0,1,NA,13121
"16435",13,1102,536,12,9404912,0,49,11,315000,0,0,0,0,0,1,0,0,1,1,NA,13121
"22448",13,1104,538,14,3243256,1,19,9,8400,0,1,0,0,0,1,0,1,0,1,NA,13121
"28574",13,1105,539,15,3739400,1,57,9,18000,0,1,0,1,0,1,0,0,0,1,NA,13121
"31576",13,1106,540,16,94046,0,53,9,15000,0,1,0,0,0,1,0,1,1,1,NA,13121
"25537",13,1104,538,14,1331090,0,39,9,5400,0,1,0,1,0,1,0,0,1,0,NA,13121
"16108",13,1102,536,12,5444678,0,27,13,46700,0,0,0,1,0,1,0,0,0,1,1,13121
"31804",13,1106,540,16,8703593,0,39,9,0,0,1,0,0,0,1,0,0,0,0,NA,13121
"25817",13,1104,538,14,8457975,1,35,9,17000,0,1,0,0,0,1,1,0,0,1,NA,13121
"10746",13,1101,535,11,7582485,1,46,9,42500,0,0,0,0,0,1,0,0,0,1,NA,13121
"27559",13,1105,539,15,8819078,0,19,10,3200,0,1,0,0,0,1,0,0,0,0,NA,13121
"12210",13,1101,535,11,8886971,1,39,11,55000,0,0,0,1,0,1,0,0,0,1,NA,13121
"14643",13,1102,536,12,7291068,0,19,9,1200,0,0,0,0,0,1,0,0,0,1,NA,13121
"12914",13,1102,536,12,9048642,1,28,10,27000,0,1,0,0,0,1,1,0,0,1,NA,13121
"33878",13,1107,541,17,9590687,0,51,11,40000,0,1,0,1,0,1,0,0,0,1,1,13121
"17973",13,1102,536,12,1137611,0,29,13,65000,1,0,0,1,0,0,0,1,0,1,1,13121
"22360",13,1104,538,14,7010299,0,29,3,22000,1,0,0,0,0,0,0,0,0,1,0,13121
"22019",13,1103,537,13,7179528,1,54,11,25500,0,0,0,1,0,1,0,0,0,1,NA,13121
"11657",13,1101,535,11,2690180,1,48,9,23700,0,0,0,0,0,1,0,0,0,1,NA,13121
"19246",13,1103,537,13,5476539,0,59,15,263000,0,0,0,1,0,1,0,0,0,1,NA,13121
"14823",13,1102,536,12,3509679,1,31,14,35000,0,0,0,0,0,1,0,0,0,0,NA,13121
"30705",13,1106,540,16,1575457,1,30,13,44000,0,1,0,0,0,1,0,0,0,1,NA,13121
"29816",13,1106,540,16,4344199,0,19,9,1300,0,1,0,0,0,1,0,0,1,0,NA,13121
"15498",13,1102,536,12,8311107,0,34,5,35000,1,0,0,1,0,0,0,0,1,1,0,13121
"19834",13,1103,537,13,6313914,0,60,13,125000,0,0,0,1,0,1,0,0,1,1,NA,13121
"10362",13,1101,535,11,8234064,1,37,9,60000,0,0,0,0,0,1,0,0,0,0,NA,13121
"24378",13,1104,538,14,9028840,1,33,13,8300,0,0,0,0,0,1,0,0,0,1,NA,13121
"19673",13,1103,537,13,2752038,0,22,11,12050,0,0,0,1,0,1,0,0,0,0,NA,13121
"17051",13,1102,536,12,9194999,0,43,14,1e+05,0,0,0,0,0,1,0,0,0,1,1,13121
"23131",13,1104,538,14,6607622,1,45,13,3000,0,1,0,1,0,1,1,0,0,0,NA,13121
"22739",13,1104,538,14,4444305,1,26,10,25000,0,0,0,0,0,1,0,0,0,1,NA,13121
"14798",13,1102,536,12,1811298,0,79,13,19000,0,0,0,1,0,1,0,0,1,0,NA,13121
"28705",13,1105,539,15,9502355,0,71,4,8900,0,0,0,0,1,1,0,1,1,0,NA,13121
"13606",13,1102,536,12,1941680,0,55,13,315000,0,0,0,1,0,1,0,0,1,1,NA,13121
"28349",13,1105,539,15,3441026,1,26,9,22000,0,1,0,0,0,1,0,1,0,1,NA,13121
"11960",13,1101,535,11,9528635,0,46,13,98000,0,0,0,0,0,1,0,0,0,1,NA,13121
"35032",13,1107,541,17,1014485,1,65,9,0,0,1,0,0,0,1,0,0,0,0,NA,13121
"23994",13,1104,538,14,582042,0,44,9,5800,0,1,0,0,0,1,0,0,0,0,NA,13121
"21929",13,1103,537,13,164347,0,25,13,65500,0,0,0,0,0,1,0,0,0,1,NA,13121
"13570",13,1102,536,12,6267410,0,74,13,30400,0,0,0,1,0,1,0,0,0,0,NA,13121
"14595",13,1102,536,12,5159477,1,37,14,34600,0,0,0,0,0,1,0,0,0,1,NA,13121
"21757",13,1103,537,13,550938,1,23,13,14000,0,0,0,1,0,1,0,0,0,1,NA,13121
"21414",13,1103,537,13,7412185,0,33,12,10740,0,1,0,0,0,1,0,0,0,1,NA,13121
"27246",13,1105,539,15,4440964,0,35,9,28000,0,1,0,1,0,1,0,0,0,1,NA,13121
"24886",13,1104,538,14,2975475,1,25,10,30000,0,0,1,0,0,1,0,0,0,1,NA,13121
"24006",13,1104,538,14,5010024,0,37,16,44000,0,0,0,1,0,1,0,0,0,1,NA,13121
"16140",13,1102,536,12,3221507,1,34,13,60000,0,0,0,0,0,1,0,0,0,1,NA,13121
"15708",13,1102,536,12,7520690,0,30,11,28000,0,0,0,0,0,1,0,0,0,1,NA,13121
"28175",13,1105,539,15,8362592,1,23,10,12000,0,1,0,0,0,0,1,0,0,1,NA,13121
"33554",13,1107,541,17,5987843,0,20,7,1800,0,0,0,0,0,1,0,0,0,0,NA,13121
"15617",13,1102,536,12,7627241,1,30,13,31200,0,0,0,1,0,1,0,0,0,1,NA,13121
"18437",13,1102,536,12,3799403,1,32,13,51000,0,0,0,0,0,1,0,0,1,1,NA,13121
"30044",13,1106,540,16,3518296,1,23,11,32500,0,1,0,1,0,1,1,0,0,1,NA,13121
"23548",13,1104,538,14,6721948,0,21,9,0,0,1,0,0,0,1,0,0,0,0,NA,13121
"28368",13,1105,539,15,3602729,1,23,1,340,0,1,0,0,0,1,1,0,1,1,NA,13121
"27103",13,1105,539,15,7431820,0,43,11,56000,0,0,0,0,0,1,0,0,0,1,NA,13121
"9743",13,1101,535,11,5969063,0,61,13,82690,0,0,0,1,0,1,0,0,0,0,NA,13121
"29286",13,1106,540,16,618760,1,93,5,5600,0,1,0,0,1,1,0,1,0,0,NA,13121
"12992",13,1102,536,12,7524861,0,49,11,31200,0,1,0,0,0,1,0,0,0,1,1,13121
"16933",13,1102,536,12,9975704,1,54,14,316000,0,0,0,1,0,1,0,0,0,1,NA,13121
"33224",13,1107,541,17,8673418,1,76,11,6000,0,1,0,0,0,1,0,0,0,0,NA,13121
"24802",13,1104,538,14,7122788,1,62,10,0,0,1,0,0,1,1,0,0,0,0,NA,13121
"24099",13,1104,538,14,7013868,1,26,14,13200,0,0,1,1,0,0,0,0,0,1,1,13121
"14444",13,1102,536,12,3070700,1,41,14,36300,0,0,0,1,0,1,1,0,0,0,NA,13121
"33720",13,1107,541,17,8814318,1,53,11,4500,0,1,0,0,0,1,0,0,0,1,NA,13121
"24025",13,1104,538,14,2130589,0,34,14,31000,0,0,0,0,0,1,0,1,0,1,1,13121
"30119",13,1106,540,16,7353820,0,42,1,0,0,1,0,0,0,1,0,1,0,0,NA,13121
"18201",13,1102,536,12,9864350,1,29,13,0,0,0,0,0,0,1,0,0,0,0,NA,13121
"29111",13,1105,539,15,7926768,1,26,11,32400,0,1,0,0,0,1,0,0,0,1,NA,13121
"31438",13,1106,540,16,244460,0,58,9,24000,0,1,0,1,0,1,0,1,0,0,NA,13121
"20001",13,1103,537,13,8361452,0,52,13,81000,0,0,0,1,0,1,0,0,0,1,NA,13121
"35184",13,1107,541,17,57815,0,32,11,45000,0,1,0,1,0,1,0,0,0,1,NA,13121
"12083",13,1101,535,11,2946098,1,49,11,0,0,0,0,1,0,1,0,0,0,1,NA,13121
"35014",13,1107,541,17,9249707,0,36,9,35000,0,1,0,1,0,1,0,0,0,1,NA,13121
"10518",13,1101,535,11,9744163,1,35,9,0,0,0,0,1,0,1,1,0,0,0,NA,13121
"31115",13,1106,540,16,7143639,1,31,13,9300,0,1,0,0,0,1,1,1,0,0,NA,13121
"22249",13,1103,537,13,5484,1,37,13,0,0,0,0,1,0,1,1,0,0,0,NA,13121
"14105",13,1102,536,12,7674000,1,29,11,20404,0,0,0,0,0,1,0,0,0,1,NA,13121
"28182",13,1105,539,15,4666386,1,85,3,13000,0,1,0,0,1,1,0,0,0,0,NA,13121
"17931",13,1102,536,12,7119587,1,32,15,71000,0,0,0,1,0,1,0,0,0,1,NA,13121
"23867",13,1104,538,14,391789,0,31,13,34000,0,0,0,0,0,1,0,0,0,1,NA,13121
"34259",13,1107,541,17,5089400,1,30,11,33600,0,1,0,0,0,1,0,0,1,1,NA,13121
"17149",13,1102,536,12,122278,1,60,12,10000,0,0,0,0,0,1,0,0,0,1,NA,13121
"22910",13,1104,538,14,5010024,1,34,13,3900,0,0,0,1,0,1,1,0,0,1,NA,13121
"29165",13,1106,540,16,1315736,1,33,13,33000,0,1,0,0,0,1,1,0,0,0,NA,13121
"18280",13,1102,536,12,2040616,0,25,10,47100,0,0,0,1,0,1,0,0,0,1,NA,13121
"10907",13,1101,535,11,6103719,1,29,13,0,0,0,0,1,0,1,1,0,0,0,NA,13121
"19409",13,1103,537,13,2694223,0,54,14,61000,0,0,0,1,0,1,0,0,1,1,NA,13121
"18668",13,1103,537,13,4349807,0,35,11,25000,0,0,0,0,0,1,0,0,0,1,NA,13121
"19434",13,1103,537,13,6127543,1,40,13,0,0,0,0,1,0,1,1,0,0,0,NA,13121
"28092",13,1105,539,15,3787032,1,67,11,74200,0,0,0,0,1,1,0,0,0,1,NA,13121
"26606",13,1105,539,15,3969226,0,36,5,6370,0,1,0,0,0,1,0,1,0,0,NA,13121
"19988",13,1103,537,13,5009857,0,70,13,58100,0,0,0,0,1,1,0,0,1,0,NA,13121
"15955",13,1102,536,12,1990607,0,29,9,55000,0,0,0,1,0,1,0,1,0,1,NA,13121
"20765",13,1103,537,13,5470958,1,25,9,25000,0,0,0,0,0,1,0,1,0,1,NA,13121
"12826",13,1102,536,12,932937,1,55,14,45000,0,0,0,1,0,1,0,0,0,1,NA,13121
"31468",13,1106,540,16,7458304,1,32,13,20000,0,1,0,0,0,1,0,0,0,1,NA,13121
"17439",13,1102,536,12,8618331,1,50,11,38000,0,0,0,1,0,1,0,0,0,1,NA,13121
"17743",13,1102,536,12,5820471,0,23,12,31000,0,0,0,0,0,1,0,0,0,1,NA,13121
"17781",13,1102,536,12,8072699,0,31,13,40000,0,0,0,1,0,1,0,0,0,1,NA,13121
"19133",13,1103,537,13,9276238,0,58,14,157200,0,0,0,1,0,1,0,0,0,1,NA,13121
"29462",13,1106,540,16,6154731,0,68,14,15000,0,1,0,0,1,1,0,0,1,1,NA,13121
"25751",13,1104,538,14,1703175,1,48,8,170,0,1,0,0,0,1,0,1,0,0,NA,13121
"31000",13,1106,540,16,4036590,0,30,9,3800,0,1,0,1,0,1,0,0,0,0,NA,13121
"22853",13,1104,538,14,4369164,1,21,11,23400,0,1,0,0,0,1,0,0,0,1,1,13121
"18780",13,1103,537,13,3540508,0,39,11,315000,0,0,0,1,0,1,0,0,0,1,NA,13121
"33846",13,1107,541,17,3772161,1,25,12,14000,0,1,0,0,0,1,1,0,0,1,NA,13121
"10033",13,1101,535,11,3737226,1,21,10,3000,0,0,0,0,0,1,0,1,0,0,NA,13121
"32509",13,1107,541,17,6227610,1,18,6,160,0,1,0,0,0,1,1,0,0,0,NA,13121
"14704",13,1102,536,12,2048017,1,63,12,21200,0,0,0,0,1,1,0,1,0,0,NA,13121
"28944",13,1105,539,15,8912592,1,40,13,29000,0,1,0,1,0,1,1,0,0,1,NA,13121
"28422",13,1105,539,15,1831188,1,83,8,13900,0,1,0,0,1,1,0,1,0,0,NA,13121
"28201",13,1105,539,15,2888321,0,28,8,17000,0,1,0,0,0,1,0,0,0,1,NA,13121
"11699",13,1101,535,11,9968528,0,28,13,15000,0,0,0,0,0,1,0,0,0,1,NA,13121
"29391",13,1106,540,16,8596478,1,38,9,0,0,1,0,0,0,1,0,0,0,0,NA,13121
"35223",13,1107,541,17,9263927,1,52,9,150,0,1,0,0,0,1,0,0,0,1,NA,13121
"27333",13,1105,539,15,9365477,1,69,9,7800,0,0,0,1,0,1,0,0,0,0,NA,13121
"16199",13,1102,536,12,4313213,1,58,16,25900,0,0,0,1,0,1,0,0,0,1,1,13121
"25672",13,1104,538,14,5452388,0,44,7,15000,0,1,0,0,0,1,0,0,0,1,NA,13121
"34908",13,1107,541,17,987975,0,40,10,20000,0,1,0,1,0,1,0,1,0,1,NA,13121
"32597",13,1107,541,17,5061560,1,62,9,14000,0,1,0,1,0,1,0,1,0,1,NA,13121
"18491",13,1102,536,12,3187313,1,40,14,0,0,0,0,1,0,1,1,0,0,0,NA,13121
"11529",13,1101,535,11,6167288,0,44,13,185000,0,0,0,0,0,1,0,0,0,1,NA,13121
"24913",13,1104,538,14,1807821,1,33,9,14170,0,1,0,0,0,1,1,0,0,1,NA,13121
"29378",13,1106,540,16,5633281,1,39,13,45000,0,1,0,1,0,1,1,0,0,1,1,13121
"18143",13,1102,536,12,5335839,1,48,9,0,0,0,0,1,0,1,0,0,0,0,NA,13121
"25209",13,1104,538,14,9655348,1,53,4,7900,0,1,0,0,0,1,1,1,0,0,NA,13121
"33498",13,1107,541,17,8783702,1,71,9,14400,0,1,0,0,1,1,0,0,0,1,NA,13121
"11256",13,1101,535,11,7568613,1,57,11,35000,0,0,0,1,0,1,0,0,0,1,NA,13121
"21521",13,1103,537,13,2225422,0,45,13,91000,0,0,0,1,0,1,0,0,0,1,NA,13121
"10854",13,1101,535,11,9850686,0,46,13,131700,0,0,0,1,0,1,0,0,0,1,NA,13121
"16601",13,1102,536,12,9550429,1,79,11,9500,0,0,0,0,0,1,0,0,0,0,NA,13121
"19463",13,1103,537,13,4974216,0,21,9,0,1,0,0,1,0,1,0,0,0,0,NA,13121
"12307",13,1101,535,11,443009,1,93,11,56200,0,0,0,0,1,1,0,1,0,0,NA,13121
"20542",13,1103,537,13,5030897,1,55,15,138000,0,0,0,0,0,1,0,0,0,1,1,13121
"19606",13,1103,537,13,220110,0,26,13,25000,0,0,0,0,0,1,0,0,0,0,NA,13121
"23588",13,1104,538,14,2956696,0,50,11,18100,0,0,0,0,0,1,0,0,0,1,NA,13121
"26710",13,1105,539,15,3471157,0,28,6,7600,0,1,0,0,0,1,0,1,0,0,NA,13121
"30481",13,1106,540,16,1111784,0,36,10,10700,0,1,0,0,0,1,0,1,0,1,NA,13121
"20829",13,1103,537,13,2399905,0,64,11,69800,0,0,0,1,0,1,0,0,0,1,NA,13121
"23317",13,1104,538,14,2924080,1,40,11,0,0,0,1,1,0,1,0,0,0,0,1,13121
"20324",13,1103,537,13,642209,0,45,14,51000,0,0,0,1,0,1,0,0,0,1,NA,13121
"25896",13,1104,538,14,7333187,0,24,12,20000,0,1,0,1,0,1,0,0,0,1,NA,13121
"34566",13,1107,541,17,1042356,1,38,13,10000,0,0,0,1,0,1,0,0,0,1,NA,13121
"15608",13,1102,536,12,5883838,0,44,11,60000,0,0,0,1,0,1,0,1,0,1,NA,13121
"10832",13,1101,535,11,691885,0,21,6,15000,0,0,1,1,0,1,0,0,1,1,NA,13121
"11853",13,1101,535,11,3088925,1,39,13,80000,0,0,0,1,0,1,0,0,0,1,NA,13121
"15356",13,1102,536,12,6976962,0,20,11,5000,0,0,0,0,0,1,0,1,0,1,NA,13121
"16150",13,1102,536,12,1423705,0,32,15,427000,0,0,0,1,0,1,0,0,0,1,1,13121
"27285",13,1105,539,15,3122700,1,61,14,49600,0,1,0,0,0,1,0,0,0,0,NA,13121
"21967",13,1103,537,13,2865620,0,21,11,0,0,0,0,1,0,1,0,0,0,0,NA,13121
"35251",13,1107,541,17,5770678,0,73,6,12800,0,0,0,0,0,1,0,1,0,0,NA,13121
"13364",13,1102,536,12,1848254,1,25,9,25000,0,0,0,0,0,1,0,0,0,1,NA,13121
"25585",13,1104,538,14,5236932,1,31,14,24000,1,1,0,0,0,1,0,0,0,1,NA,13121
"28326",13,1105,539,15,4794996,0,32,9,16000,1,0,0,0,0,0,0,1,0,1,0,13121
"26148",13,1105,539,15,2876168,0,44,13,25000,0,1,0,0,0,1,0,1,0,1,NA,13121
"27454",13,1105,539,15,6853718,1,45,7,19200,0,1,0,0,0,1,0,1,0,0,NA,13121
"26012",13,1104,538,14,4545018,1,19,10,16900,0,0,0,0,0,1,0,0,0,1,NA,13121
"12918",13,1102,536,12,8394796,0,38,13,80000,0,0,0,0,0,1,0,0,1,1,NA,13121
"23216",13,1104,538,14,8820142,1,19,9,300,0,1,0,0,0,1,0,0,0,1,NA,13121
"28472",13,1105,539,15,7863588,1,86,14,5000,0,1,0,0,1,1,0,1,0,0,NA,13121
"34477",13,1107,541,17,5418567,0,48,13,31290,0,0,0,1,0,1,0,0,0,1,NA,13121
"11542",13,1101,535,11,6349534,1,34,11,0,0,0,0,1,0,1,1,0,0,0,NA,13121
"11503",13,1101,535,11,7659514,0,39,14,96000,0,0,0,1,0,1,0,0,0,1,NA,13121
"22819",13,1104,538,14,9123807,1,24,11,20000,0,1,0,0,0,1,1,0,0,1,NA,13121
"13094",13,1102,536,12,6193357,1,47,14,87900,0,0,0,0,0,1,0,0,0,1,NA,13121
"26259",13,1105,539,15,1772264,0,32,11,13200,0,1,0,0,0,1,0,0,0,1,NA,13121
"31572",13,1106,540,16,366458,1,45,4,8500,0,1,0,0,0,1,1,1,1,0,NA,13121
"32870",13,1107,541,17,3802976,1,93,11,21600,0,0,0,0,1,1,0,1,0,0,NA,13121
"28816",13,1105,539,15,5420347,1,33,9,880,1,1,0,0,0,1,1,0,0,0,NA,13121
"30980",13,1106,540,16,1516267,0,51,8,15000,0,1,0,0,0,1,0,0,0,1,NA,13121
"34273",13,1107,541,17,1363646,1,55,10,35000,0,1,0,0,0,1,0,0,0,1,NA,13121
"19661",13,1103,537,13,2385020,1,75,9,25000,0,0,0,0,0,1,0,0,0,0,NA,13121
"35302",13,1107,541,17,6587135,1,37,12,0,0,1,0,1,0,1,1,0,0,0,NA,13121
"14207",13,1102,536,12,2410373,1,70,9,4800,0,0,0,1,0,1,0,0,0,0,NA,13121
"13662",13,1102,536,12,8315743,0,31,1,2400,1,0,0,0,0,0,0,1,0,1,0,13121
"26367",13,1105,539,15,1438029,0,57,13,61100,0,1,0,1,0,1,0,0,1,1,NA,13121
"31137",13,1106,540,16,1699864,0,20,9,3300,0,1,0,0,0,1,0,0,0,1,NA,13121
"34444",13,1107,541,17,6468545,0,67,9,5100,0,1,0,1,0,1,0,0,1,0,NA,13121
"26103",13,1105,539,15,4165134,1,39,14,60000,0,1,0,0,1,1,1,0,0,1,NA,13121
"17183",13,1102,536,12,412448,0,37,13,47300,0,0,0,0,0,1,0,1,0,1,NA,13121
"31943",13,1106,540,16,3922721,1,65,9,23500,0,1,0,1,0,1,0,1,0,1,NA,13121
"12496",13,1101,535,11,3665428,1,28,13,32500,0,0,0,0,0,1,0,0,0,1,NA,13121
"22627",13,1104,538,14,4826290,1,85,5,16100,0,1,0,0,1,1,0,1,0,0,NA,13121
"14482",13,1102,536,12,3250695,1,29,9,0,0,1,0,0,0,0,0,1,0,1,NA,13121
"29805",13,1106,540,16,2542397,1,53,14,12000,0,1,0,0,0,1,0,1,0,0,NA,13121
"26764",13,1105,539,15,4671941,1,40,5,4660,0,1,0,0,0,1,1,1,0,0,NA,13121
"26226",13,1105,539,15,6072444,1,40,9,16000,0,1,0,0,0,1,0,0,0,1,NA,13121
"14710",13,1102,536,12,9299693,0,38,13,317000,0,0,0,1,0,0,0,0,0,0,1,13121
"34721",13,1107,541,17,7292460,1,33,11,25100,0,1,0,0,0,1,0,0,1,1,NA,13121
"20322",13,1103,537,13,642209,1,40,14,0,0,0,0,1,0,1,1,0,0,0,NA,13121
"11613",13,1101,535,11,3256398,1,68,4,9100,0,0,0,1,0,1,0,0,0,0,NA,13121
"27564",13,1105,539,15,1174729,0,56,4,20800,0,1,0,0,0,1,0,1,0,1,NA,13121
"31924",13,1106,540,16,4640784,0,45,7,18100,0,1,0,1,0,1,0,0,0,1,NA,13121
"33104",13,1107,541,17,1428368,1,34,9,20000,0,1,0,1,0,1,1,0,0,1,NA,13121
"18693",13,1103,537,13,4913882,1,39,14,160000,0,0,0,1,0,1,1,0,0,1,NA,13121
"28397",13,1105,539,15,8037805,1,70,9,5400,0,0,0,1,0,1,0,0,0,1,NA,13121
"20161",13,1103,537,13,7673335,1,21,11,2500,0,0,1,1,0,1,0,0,0,0,1,13121
"24088",13,1104,538,14,4741499,0,59,9,1230,0,1,0,0,0,1,0,1,1,1,NA,13121
"33225",13,1107,541,17,5890647,0,55,9,15000,0,1,0,0,0,1,0,0,1,0,NA,13121
"20572",13,1103,537,13,9322507,1,79,9,14500,0,0,0,0,0,1,0,1,0,1,NA,13121
"22764",13,1104,538,14,7127335,1,25,6,10400,0,1,0,0,0,1,1,0,0,0,NA,13121
"12519",13,1101,535,11,6419320,0,38,13,50000,0,0,0,0,0,1,0,0,0,1,NA,13121
"16835",13,1102,536,12,8837843,1,34,11,660,0,0,0,1,0,1,1,0,0,0,NA,13121
"17940",13,1102,536,12,6134355,1,39,13,17000,0,1,0,1,0,1,1,0,1,1,NA,13121
"32604",13,1107,541,17,906978,0,42,8,58000,0,0,0,1,0,1,0,0,0,1,NA,13121
"13178",13,1102,536,12,8645000,1,48,14,30000,0,0,0,1,0,1,1,0,0,1,NA,13121
"31317",13,1106,540,16,2971608,1,64,14,61000,0,1,0,0,0,1,0,0,0,1,NA,13121
"18678",13,1103,537,13,4430214,0,19,5,13900,1,0,0,0,0,0,0,1,0,1,0,13121
"24352",13,1104,538,14,6036690,1,18,11,0,0,0,0,1,0,1,0,0,0,0,1,13121
"12282",13,1101,535,11,1210009,1,40,9,40000,0,0,0,0,0,1,1,0,0,0,NA,13121
"17498",13,1102,536,12,2865863,1,66,9,0,0,0,1,1,0,1,0,0,0,0,1,13121
"14344",13,1102,536,12,7757428,0,53,10,4000,0,0,0,0,0,1,0,1,1,0,NA,13121
"27380",13,1105,539,15,7637617,1,27,9,30000,0,1,0,0,0,1,0,0,0,0,NA,13121
"21958",13,1103,537,13,5201022,0,34,6,10800,0,1,0,0,0,1,0,0,0,0,NA,13121
"18730",13,1103,537,13,5819571,1,25,11,45000,0,0,0,1,0,1,0,0,0,1,NA,13121
"25401",13,1104,538,14,733841,0,39,11,12000,0,1,0,0,0,1,0,0,0,1,NA,13121
"34558",13,1107,541,17,6621681,1,79,3,18000,0,1,0,0,1,1,0,1,0,0,NA,13121
"28001",13,1105,539,15,6347760,0,42,8,17000,0,1,0,1,0,1,0,1,1,0,NA,13121
"14553",13,1102,536,12,118453,0,18,5,10000,1,0,0,0,0,0,0,0,0,1,0,13121
"19136",13,1103,537,13,2135555,0,38,11,20000,0,0,0,0,0,1,0,1,0,1,NA,13121
"14585",13,1102,536,12,1898338,0,53,15,56000,0,0,0,1,0,1,0,0,0,1,NA,13121
"17535",13,1102,536,12,4717355,0,51,15,170000,0,0,0,1,0,1,0,0,0,1,NA,13121
"12990",13,1102,536,12,9501137,0,52,13,38230,0,0,1,1,0,1,0,0,0,1,1,13121
"19790",13,1103,537,13,9653885,1,39,13,0,0,0,0,1,0,1,1,0,0,0,NA,13121
"24867",13,1104,538,14,3325515,1,19,9,2000,0,1,0,0,0,1,0,0,0,0,NA,13121
"32515",13,1107,541,17,9984794,0,72,13,57700,0,1,0,1,0,1,0,0,1,0,NA,13121
"32146",13,1106,540,16,3036152,1,66,10,1700,0,1,0,1,0,1,0,0,0,0,NA,13121
"25265",13,1104,538,14,4344366,1,33,10,15900,0,1,0,0,0,0,0,1,0,1,1,13121
"23766",13,1104,538,14,9254820,1,24,9,4800,0,1,0,0,0,1,1,0,0,1,NA,13121
"25925",13,1104,538,14,8503957,1,18,10,4000,0,1,0,0,0,1,0,0,0,1,NA,13121
"10295",13,1101,535,11,6738121,0,48,13,127500,0,0,0,1,0,1,0,0,1,1,NA,13121
"29701",13,1106,540,16,7805634,0,28,11,30000,0,1,0,0,0,1,0,0,0,1,NA,13121
"25122",13,1104,538,14,2035218,1,33,9,15120,0,1,0,1,0,1,1,1,0,1,NA,13121
"12513",13,1101,535,11,3342042,0,49,13,112500,0,0,0,1,0,1,0,0,0,1,NA,13121
"24864",13,1104,538,14,75824,1,44,14,51000,0,0,0,0,0,1,0,1,0,1,NA,13121
"17588",13,1102,536,12,3823964,0,24,3,0,1,0,0,0,0,0,0,0,0,1,0,13121
"19980",13,1103,537,13,567675,0,18,7,12000,0,1,0,0,0,1,0,0,0,0,NA,13121
"33662",13,1107,541,17,3153628,0,43,13,20000,0,1,0,0,0,1,0,1,1,1,NA,13121
"31857",13,1106,540,16,8514166,1,44,9,0,0,1,0,0,0,1,0,0,0,0,NA,13121
"31781",13,1106,540,16,5520299,1,58,9,3000,0,1,0,0,1,1,0,0,0,0,NA,13121
"13100",13,1102,536,12,7400936,0,69,12,45000,0,0,0,1,0,1,0,0,1,0,NA,13121
"13146",13,1102,536,12,5762369,1,29,11,26000,0,1,0,0,0,1,0,0,0,1,NA,13121
"21831",13,1103,537,13,358248,0,43,13,315200,0,0,0,1,0,1,0,0,0,1,NA,13121
"31870",13,1106,540,16,8153792,1,41,9,980,0,1,0,0,0,1,1,0,1,1,NA,13121
"26770",13,1105,539,15,29565,0,21,3,15000,1,0,0,0,0,0,0,0,0,1,0,13121
"15488",13,1102,536,12,7536339,0,51,15,330000,0,0,0,1,0,1,0,0,0,1,NA,13121
"18315",13,1102,536,12,3247462,1,24,11,31000,0,0,0,0,0,1,0,0,0,1,NA,13121
"17113",13,1102,536,12,8880197,0,40,13,88000,0,0,0,1,0,1,0,0,0,1,NA,13121
"22405",13,1104,538,14,2060426,1,69,10,16000,0,0,0,0,1,1,0,0,0,0,NA,13121
"24188",13,1104,538,14,6273063,0,39,13,50000,0,0,0,0,0,1,0,0,1,1,NA,13121
"26579",13,1105,539,15,4159338,1,31,11,23000,0,1,0,0,0,1,1,0,0,1,NA,13121
"19354",13,1103,537,13,9340431,0,45,15,140000,0,0,0,1,0,1,0,0,0,1,NA,13121
"21304",13,1103,537,13,5754542,0,51,15,2000,0,0,0,1,0,1,0,1,0,0,NA,13121
"33051",13,1107,541,17,105063,0,34,11,6000,0,1,0,0,0,1,0,1,0,0,NA,13121
"31094",13,1106,540,16,4215418,1,62,8,6400,0,1,0,0,1,1,0,1,0,0,NA,13121
"27707",13,1105,539,15,8953753,0,44,13,42000,0,1,0,0,0,1,0,1,0,1,NA,13121
"19770",13,1103,537,13,6742017,1,26,1,0,0,0,0,1,0,0,1,0,0,0,1,13121
"15689",13,1102,536,12,7912094,1,52,12,61400,0,0,0,0,0,1,0,0,0,1,NA,13121
"15980",13,1102,536,12,4091562,0,42,15,293000,0,0,0,1,0,1,0,0,0,1,NA,13121
"17567",13,1102,536,12,2209604,1,19,9,20800,1,1,0,1,0,1,1,0,0,0,0,13121
"17874",13,1102,536,12,8712598,0,29,13,55000,0,0,0,0,0,1,0,0,0,1,NA,13121
"33752",13,1107,541,17,4714898,1,61,13,38000,0,1,0,1,0,1,0,0,0,1,NA,13121
"13359",13,1102,536,12,2432212,1,57,13,8800,0,0,0,1,0,0,0,0,0,1,1,13121
"17664",13,1102,536,12,9459233,0,58,15,47600,0,0,0,1,0,1,0,0,1,1,NA,13121
"14569",13,1102,536,12,7466341,0,56,9,13000,0,0,1,1,0,0,0,0,0,1,0,13121
"26018",13,1105,539,15,8403896,1,52,9,54300,0,1,0,1,0,1,1,0,0,1,NA,13121
"17814",13,1102,536,12,2998624,1,34,14,289000,0,0,0,1,0,1,0,0,0,1,NA,13121
"33732",13,1107,541,17,3337173,0,45,5,30000,0,1,0,0,0,1,0,0,0,1,NA,13121
"19375",13,1103,537,13,8380665,1,22,11,18000,0,0,0,0,0,1,0,0,0,1,NA,13121
"31495",13,1106,540,16,8484558,1,33,9,20510,0,1,0,0,0,1,0,0,0,1,NA,13121
"16015",13,1102,536,12,9055466,0,32,12,75000,0,1,0,1,0,1,0,0,0,1,NA,13121
"11137",13,1101,535,11,5600284,0,40,14,149500,0,0,1,1,0,1,0,0,0,1,1,13121
"17933",13,1102,536,12,6286186,0,48,13,319400,0,0,0,1,0,1,0,0,0,1,NA,13121
"20988",13,1103,537,13,1162912,1,33,11,33100,0,0,0,1,0,1,1,0,0,0,NA,13121
"28060",13,1105,539,15,8784100,1,57,2,16910,0,1,0,1,0,1,0,1,1,1,NA,13121
"17405",13,1102,536,12,9466371,0,37,9,20800,0,1,0,0,0,1,0,0,0,1,NA,13121
"32781",13,1107,541,17,9747798,1,86,4,4920,0,1,0,0,1,1,0,0,0,0,NA,13121
"18937",13,1103,537,13,7481183,1,56,13,161000,0,0,0,0,0,1,0,0,0,1,NA,13121
"20443",13,1103,537,13,2606649,0,35,11,15000,0,1,0,0,0,1,0,0,0,1,NA,13121
"16184",13,1102,536,12,4638964,0,50,15,263000,0,0,0,1,0,1,0,0,0,1,NA,13121
"20686",13,1103,537,13,8907446,0,53,11,274000,0,0,0,1,0,1,0,0,0,1,NA,13121
"16342",13,1102,536,12,8311107,0,30,5,0,1,0,0,1,0,0,0,0,0,0,0,13121
"26709",13,1105,539,15,8995275,0,24,8,18000,0,1,0,0,0,1,0,1,0,1,NA,13121
"26401",13,1105,539,15,1860749,1,62,3,4360,0,1,0,0,0,1,0,1,0,0,NA,13121
"15312",13,1102,536,12,7873966,0,37,15,60000,0,0,0,1,0,1,0,0,0,1,NA,13121
"28209",13,1105,539,15,5064607,1,63,10,33600,0,0,0,0,1,1,0,0,0,1,NA,13121
"32034",13,1106,540,16,2918354,1,20,9,0,0,1,0,0,0,1,1,1,0,0,NA,13121
"13115",13,1102,536,12,3098683,1,27,11,24500,0,0,1,0,0,1,0,0,0,1,NA,13121
"13413",13,1102,536,12,7715832,1,42,12,3500,0,0,0,1,0,1,0,0,0,0,NA,13121
"13365",13,1102,536,12,904761,1,32,13,52300,0,1,0,0,0,1,1,0,0,1,1,13121
"10971",13,1101,535,11,790716,0,31,13,56150,0,0,0,1,0,1,0,0,0,1,NA,13121
"12746",13,1101,535,11,8913861,0,39,14,75000,0,0,1,1,0,0,0,0,0,1,1,13121
"22406",13,1104,538,14,7756990,1,25,9,2040,0,1,0,0,0,1,1,1,0,0,NA,13121
"18297",13,1102,536,12,5687894,0,39,11,19700,0,1,0,0,0,1,0,0,1,0,NA,13121
"21796",13,1103,537,13,9572606,0,41,13,318000,0,0,0,0,0,1,0,0,0,1,NA,13121
"32147",13,1106,540,16,4559356,0,65,13,17600,0,1,0,1,0,1,0,0,1,1,NA,13121
"18015",13,1102,536,12,2197641,1,28,13,32000,0,0,0,0,0,1,0,0,0,1,NA,13121
"14730",13,1102,536,12,8675861,0,27,13,64000,0,0,0,0,0,1,0,0,0,1,NA,13121
"34300",13,1107,541,17,8742767,0,25,9,22000,0,1,0,0,0,1,0,0,0,1,NA,13121
"11280",13,1101,535,11,9170488,0,41,13,50000,0,0,0,0,0,1,0,0,0,1,NA,13121
"18017",13,1102,536,12,9620598,0,40,7,17500,0,1,0,0,0,1,0,1,0,1,NA,13121
"13333",13,1102,536,12,9157103,1,41,13,35000,0,0,0,1,0,1,1,0,0,1,NA,13121
"30218",13,1106,540,16,4051261,0,25,8,21600,0,1,0,0,0,1,0,1,0,1,NA,13121
"26098",13,1105,539,15,3957332,0,22,11,5000,0,1,0,0,0,1,0,0,0,0,NA,13121
"14256",13,1102,536,12,368846,0,42,9,40000,0,0,0,1,0,1,0,0,0,1,NA,13121
"21452",13,1103,537,13,9798210,0,50,13,70100,0,0,0,1,0,1,0,0,1,1,NA,13121
"31465",13,1106,540,16,153285,1,27,8,34000,0,1,0,0,0,1,1,1,0,0,NA,13121
"10546",13,1101,535,11,7142521,0,40,11,80000,0,0,0,1,0,1,0,0,0,1,NA,13121
"27999",13,1105,539,15,6690432,0,69,1,7500,0,0,0,1,0,1,0,1,0,0,NA,13121
"19285",13,1103,537,13,1274458,0,93,15,69000,0,0,0,1,0,1,0,0,1,0,NA,13121
"23697",13,1104,538,14,1849654,0,40,6,0,0,1,0,0,0,1,0,1,0,0,NA,13121
"14842",13,1102,536,12,1980584,0,56,16,125000,0,0,0,1,0,1,0,0,0,1,NA,13121
"21964",13,1103,537,13,9471241,0,42,13,52000,0,0,0,0,0,1,0,1,0,1,NA,13121
"35056",13,1107,541,17,1794670,0,56,15,64100,0,1,0,1,0,1,0,0,0,1,NA,13121
"18487",13,1102,536,12,4009220,1,66,12,6400,0,0,0,1,0,1,0,0,0,0,NA,13121
"32206",13,1106,540,16,9138783,0,28,7,4000,0,1,0,0,0,1,0,0,1,0,NA,13121
"26049",13,1105,539,15,7908804,0,34,5,18000,0,1,0,0,0,1,0,1,0,1,NA,13121
"17526",13,1102,536,12,331214,1,42,13,72700,0,0,0,1,0,1,0,1,0,1,NA,13121
"9719",13,1101,535,11,1007242,0,45,13,23000,0,0,0,1,0,1,0,0,0,0,NA,13121
"17202",13,1102,536,12,6229869,0,27,11,50000,0,0,0,1,0,1,0,0,0,1,NA,13121
"13451",13,1102,536,12,8965224,0,32,3,24000,1,0,0,1,0,0,0,1,0,0,0,13121
"25559",13,1104,538,14,9205918,1,19,11,7000,0,1,0,0,0,1,0,0,0,0,NA,13121
"14157",13,1102,536,12,7627241,0,32,13,34130,0,0,0,1,0,1,0,0,0,1,NA,13121
"20066",13,1103,537,13,6440438,0,79,9,54400,0,0,0,1,0,1,0,0,1,0,NA,13121
"15165",13,1102,536,12,998031,0,45,10,50000,0,0,0,1,0,1,0,0,1,1,NA,13121
"12934",13,1102,536,12,9553234,0,29,5,3600,1,0,0,1,0,0,0,0,0,1,0,13121
"26622",13,1105,539,15,7855564,0,80,12,21700,0,0,0,1,0,1,0,1,1,0,NA,13121
"14436",13,1102,536,12,7940706,0,48,13,67000,0,0,0,1,0,1,0,0,0,1,NA,13121
"12175",13,1101,535,11,3269480,1,45,9,50000,1,0,0,1,0,1,0,0,0,1,1,13121
"24090",13,1104,538,14,9887168,0,55,8,10000,0,0,0,0,0,1,0,0,0,1,NA,13121
"30772",13,1106,540,16,2050872,1,46,9,0,0,1,0,1,0,1,0,0,0,0,NA,13121
"26665",13,1105,539,15,9475616,0,21,9,4100,0,1,0,0,0,1,0,0,0,1,NA,13121
"31647",13,1106,540,16,3159537,1,59,4,4700,0,0,0,0,0,1,0,1,0,0,NA,13121
"28339",13,1105,539,15,4794664,1,60,14,40000,0,1,0,1,0,1,0,0,0,1,NA,13121
"26538",13,1105,539,15,3978115,0,23,6,0,0,1,0,0,0,1,0,0,0,0,NA,13121
"10178",13,1101,535,11,6252514,1,34,13,0,0,0,0,1,0,1,1,0,0,0,NA,13121
"11000",13,1101,535,11,8044866,1,31,13,130000,0,0,0,1,0,1,1,0,0,1,NA,13121
"14282",13,1102,536,12,3619599,1,70,10,5600,0,0,0,1,0,1,0,0,0,0,NA,13121
"13010",13,1102,536,12,2196191,0,56,14,164600,0,0,0,1,0,1,0,0,1,1,NA,13121
"24246",13,1104,538,14,2238243,1,40,11,0,0,1,0,0,0,1,0,0,0,0,NA,13121
"31434",13,1106,540,16,6949632,0,20,9,25000,0,1,0,0,0,1,0,0,0,0,NA,13121
"28107",13,1105,539,15,1931577,1,38,9,1900,0,1,0,1,0,1,1,0,0,1,NA,13121
"24210",13,1104,538,14,4365811,1,39,9,50000,0,1,0,0,0,1,0,1,0,0,NA,13121
"31267",13,1106,540,16,8987338,0,74,9,15800,0,1,0,0,0,1,0,0,1,0,NA,13121
"14140",13,1102,536,12,8448550,1,58,12,164600,0,0,0,0,0,1,0,1,0,1,NA,13121
"28976",13,1105,539,15,7470922,0,25,13,25400,0,1,0,0,0,1,0,0,0,1,NA,13121
"12799",13,1101,535,11,3900275,0,36,15,105100,0,0,0,1,0,1,0,0,0,1,NA,13121
"32519",13,1107,541,17,4056631,0,39,6,4500,0,1,0,0,0,1,0,1,0,0,NA,13121
"31916",13,1106,540,16,3373574,0,63,11,18500,0,1,0,0,0,1,0,1,0,1,NA,13121
"18091",13,1102,536,12,8433100,0,40,3,0,1,0,0,1,0,0,0,0,0,1,0,13121
"17444",13,1102,536,12,3560201,0,26,13,100120,0,0,0,0,0,1,0,0,0,1,NA,13121
"22328",13,1104,538,14,3247284,1,65,7,6000,0,1,0,1,0,1,0,0,1,0,NA,13121
"31888",13,1106,540,16,5274084,0,45,9,80000,0,1,0,0,0,1,0,1,0,1,NA,13121
"27144",13,1105,539,15,3499508,0,24,6,10000,0,0,0,0,0,1,0,0,0,1,NA,13121
"29052",13,1105,539,15,9127781,1,41,1,0,0,0,0,1,0,0,1,0,0,0,1,13121
"30006",13,1106,540,16,4638145,0,18,9,0,0,1,0,0,0,1,0,0,0,0,NA,13121
"24520",13,1104,538,14,2786566,1,23,13,6000,0,0,0,0,0,1,0,0,0,1,NA,13121
"18200",13,1102,536,12,5247839,0,22,13,28800,0,0,0,0,0,1,0,0,0,1,NA,13121
"23570",13,1104,538,14,3071483,0,19,10,4000,0,0,0,1,0,1,0,0,0,0,NA,13121
"20744",13,1103,537,13,1250078,1,93,9,14000,0,0,0,1,0,1,0,1,0,0,NA,13121
"32500",13,1107,541,17,1075721,0,65,1,12200,0,1,0,1,0,1,0,0,1,0,NA,13121
"17518",13,1102,536,12,9201829,1,39,12,0,0,0,1,1,0,1,1,1,0,0,1,13121
"21892",13,1103,537,13,3666560,1,63,11,30600,0,0,0,0,0,1,0,1,0,1,NA,13121
"23406",13,1104,538,14,9161848,0,30,11,60000,0,0,0,0,0,1,0,1,0,1,NA,13121
"27543",13,1105,539,15,6558166,1,84,4,8800,0,1,0,0,1,1,0,1,0,0,NA,13121
"15338",13,1102,536,12,3103000,0,32,13,75100,0,0,0,1,0,1,0,0,0,1,NA,13121
"15877",13,1102,536,12,9620683,0,55,15,74400,0,0,0,1,0,1,0,0,1,1,NA,13121
"21550",13,1103,537,13,3911749,0,26,10,43300,0,1,0,0,0,1,0,0,1,1,NA,13121
"12776",13,1101,535,11,7866205,1,45,13,315000,1,0,0,1,0,1,1,0,0,1,1,13121
"35088",13,1107,541,17,8008351,0,54,13,60000,0,1,0,0,0,1,0,0,1,1,NA,13121
"17784",13,1102,536,12,2720571,0,47,13,62000,0,0,0,1,0,1,0,0,0,1,NA,13121
"29736",13,1106,540,16,6782848,1,28,1,0,1,0,0,1,0,0,1,0,0,0,NA,13121
"16529",13,1102,536,12,893901,1,28,11,48100,0,0,0,1,0,1,0,0,0,0,NA,13121
"10212",13,1101,535,11,1934785,1,38,13,0,0,0,0,1,0,1,1,0,0,0,NA,13121
"18604",13,1103,537,13,2534925,1,26,14,17000,0,0,0,1,0,1,0,0,0,1,NA,13121
"11224",13,1101,535,11,3384580,1,28,13,28000,0,0,0,1,0,0,1,1,0,1,NA,13121
"11774",13,1101,535,11,3088925,0,41,11,45000,0,0,0,1,0,1,0,0,0,0,NA,13121
"12766",13,1101,535,11,4042365,0,38,13,130000,0,0,0,1,0,1,0,1,0,1,NA,13121
"14162",13,1102,536,12,5154334,0,53,13,150000,0,0,0,1,0,1,0,0,1,1,NA,13121
"16545",13,1102,536,12,1962625,0,34,13,50250,0,0,0,1,0,1,0,0,0,1,NA,13121
"24391",13,1104,538,14,211481,0,30,12,38500,1,0,0,0,0,0,0,0,0,1,1,13121
"10022",13,1101,535,11,3885708,1,35,13,0,0,0,0,1,0,1,1,0,0,0,NA,13121
"31091",13,1106,540,16,6343121,0,29,8,4000,0,1,0,0,0,1,0,1,0,0,NA,13121
"31397",13,1106,540,16,2209082,1,33,12,19000,0,1,0,0,0,1,0,0,0,1,NA,13121
"16296",13,1102,536,12,1917584,0,53,13,111400,0,0,0,1,0,1,0,0,1,1,NA,13121
"10303",13,1101,535,11,5237409,1,33,13,0,0,0,0,1,0,1,1,0,0,0,NA,13121
"33755",13,1107,541,17,500584,1,52,11,11200,0,0,0,1,0,1,0,0,0,1,NA,13121
"13704",13,1102,536,12,2752933,0,48,14,150000,0,0,0,1,0,1,0,0,0,1,NA,13121
"35322",13,1107,541,17,7541651,1,33,9,33000,0,1,0,1,0,1,1,0,0,1,NA,13121
"16959",13,1102,536,12,4107649,0,36,12,20000,0,1,0,0,0,1,0,1,0,1,NA,13121
"25514",13,1104,538,14,9844910,1,68,6,7650,0,0,0,0,0,1,0,0,0,0,NA,13121
"33318",13,1107,541,17,7883433,0,29,12,23900,0,1,0,1,0,1,0,0,0,1,NA,13121
"10038",13,1101,535,11,3259904,0,24,9,19500,0,0,0,0,0,1,0,1,1,1,NA,13121
"13900",13,1102,536,12,9612190,0,38,13,325000,0,0,0,1,0,1,0,0,0,1,NA,13121
"24395",13,1104,538,14,5678732,1,61,9,8700,0,1,0,1,0,1,0,1,0,0,NA,13121
"23839",13,1104,538,14,4741499,0,64,6,5900,0,1,0,0,0,1,0,1,1,0,NA,13121
"30120",13,1106,540,16,1856854,0,22,11,7000,0,1,0,0,0,1,0,0,0,1,NA,13121
"25193",13,1104,538,14,3817825,1,20,9,3600,0,1,0,0,0,1,0,1,0,0,NA,13121
"24053",13,1104,538,14,2960542,0,67,3,20700,0,1,0,0,0,1,0,0,1,0,NA,13121
"19414",13,1103,537,13,531966,0,50,13,315000,0,0,0,1,0,1,0,0,0,1,NA,13121
"15225",13,1102,536,12,4094201,0,56,14,400900,0,0,0,1,0,1,0,0,0,1,NA,13121
"9639",13,1101,535,11,5579945,0,42,15,150000,0,0,0,1,0,0,0,0,0,1,1,13121
"25729",13,1104,538,14,5040599,1,23,9,16000,0,1,0,0,0,1,0,0,0,0,NA,13121
"29821",13,1106,540,16,7249856,1,31,11,0,0,0,0,1,0,1,1,0,0,0,1,13121
"19255",13,1103,537,13,9647093,1,49,15,5000,0,0,0,1,0,1,1,0,0,0,NA,13121
"29265",13,1106,540,16,9405109,1,31,12,21900,0,1,0,0,0,1,0,0,0,1,NA,13121
"24308",13,1104,538,14,3820810,1,35,9,16900,0,1,0,0,0,1,1,1,0,1,NA,13121
"24485",13,1104,538,14,1522893,0,32,13,61690,0,0,0,1,0,1,0,0,1,1,NA,13121
"12188",13,1101,535,11,8759401,1,42,11,15000,0,0,0,1,0,1,1,0,0,1,NA,13121
"12414",13,1101,535,11,3079722,1,27,13,32000,0,0,0,1,0,1,0,0,0,1,NA,13121
"24811",13,1104,538,14,7381273,0,19,9,2600,0,0,0,1,0,1,0,0,0,0,1,13121
"24018",13,1104,538,14,801375,0,30,13,45250,0,0,0,1,0,1,0,0,0,1,NA,13121
"31876",13,1106,540,16,3968105,0,21,11,0,0,1,0,0,0,1,0,0,0,0,NA,13121
"20835",13,1103,537,13,773832,1,27,13,28300,0,0,0,0,0,1,0,0,0,0,NA,13121
"32626",13,1107,541,17,8964151,0,54,16,64000,0,1,0,1,0,1,0,0,1,1,NA,13121
"32049",13,1106,540,16,59300,1,39,9,36600,0,1,0,0,0,1,1,0,0,1,NA,13121
"16708",13,1102,536,12,2727226,1,68,9,10000,0,0,0,0,1,1,0,1,0,0,NA,13121
"32150",13,1106,540,16,4263554,0,37,11,22000,0,1,0,0,0,1,0,1,0,1,1,13121
"27760",13,1105,539,15,3068321,1,19,9,0,0,1,0,0,0,1,0,0,0,0,NA,13121
"26237",13,1105,539,15,723131,1,40,9,0,1,0,0,0,0,0,0,0,0,0,0,13121
"17611",13,1102,536,12,3469568,1,37,9,40000,0,0,0,0,0,1,0,0,0,1,NA,13121
"27582",13,1105,539,15,562901,0,54,11,13800,0,1,0,1,0,1,0,0,0,1,NA,13121
"9819",13,1101,535,11,7567010,1,38,13,0,0,0,0,1,0,1,1,0,0,0,NA,13121
"16758",13,1102,536,12,1759432,1,49,11,64100,0,0,0,0,0,1,0,0,0,1,NA,13121
"18784",13,1103,537,13,6931239,1,39,10,15700,0,1,0,0,0,1,1,0,0,1,NA,13121
"34964",13,1107,541,17,3764758,0,21,7,540,0,1,0,0,0,1,0,0,0,1,NA,13121
"24654",13,1104,538,14,2592751,1,36,9,0,0,1,0,0,0,1,0,1,0,0,NA,13121
"30020",13,1106,540,16,9334113,1,76,1,6400,0,1,0,0,1,1,0,0,0,0,NA,13121
"22352",13,1104,538,14,9943801,1,19,10,4300,0,1,0,0,0,1,0,0,0,1,NA,13121
"23996",13,1104,538,14,6489438,0,29,13,54000,0,0,0,1,0,1,0,0,0,1,NA,13121
"18335",13,1102,536,12,8678250,1,42,13,50000,0,0,0,1,0,1,0,0,0,0,NA,13121
"28417",13,1105,539,15,4033074,1,18,8,2200,0,1,0,0,0,1,0,0,0,0,NA,13121
"32484",13,1107,541,17,2040091,0,28,9,34000,0,0,0,1,0,1,0,0,0,1,NA,13121
"26712",13,1105,539,15,1568194,1,39,12,50000,0,1,0,0,0,1,1,0,0,1,NA,13121
"19469",13,1103,537,13,2824395,1,36,14,1e+05,0,0,0,1,0,1,1,0,0,1,NA,13121
"12117",13,1101,535,11,9683149,0,36,9,40000,0,0,0,1,0,1,0,0,0,1,NA,13121
"18300",13,1102,536,12,7133256,0,75,13,26400,0,0,0,1,0,1,0,0,1,0,NA,13121
"15397",13,1102,536,12,7764151,0,33,14,67100,0,1,0,1,0,1,0,0,0,1,1,13121
"16146",13,1102,536,12,9034496,0,81,11,63000,0,0,0,1,0,1,0,0,1,0,NA,13121
"32133",13,1106,540,16,2131057,1,39,9,9000,0,1,0,0,0,1,0,0,0,1,NA,13121
"24037",13,1104,538,14,2353687,0,20,9,12000,0,1,0,0,0,1,0,0,0,1,NA,13121
"14353",13,1102,536,12,6399752,0,87,13,40000,0,0,0,0,1,1,0,0,1,0,NA,13121
"22329",13,1104,538,14,3243256,0,18,9,0,0,1,0,0,0,1,0,1,0,0,NA,13121
"14169",13,1102,536,12,2809328,0,47,11,37000,0,1,0,0,0,1,0,1,0,1,NA,13121
"35016",13,1107,541,17,8319816,1,22,10,7800,0,1,0,0,0,1,1,0,0,0,NA,13121
"14533",13,1102,536,12,9446469,1,76,9,46800,0,0,0,0,1,1,0,0,0,0,NA,13121
"24253",13,1104,538,14,9254820,1,56,9,10000,0,1,0,0,0,1,0,1,0,0,NA,13121
"26127",13,1105,539,15,8155508,0,76,15,36700,0,1,0,1,0,1,0,1,1,1,NA,13121
"10062",13,1101,535,11,2853355,0,55,9,32000,0,0,0,1,0,1,0,0,1,1,NA,13121
"15784",13,1102,536,12,5195266,0,57,13,37000,0,0,0,0,0,1,0,1,1,1,1,13121
"16646",13,1102,536,12,1259261,0,32,13,75000,0,0,0,0,0,1,0,0,0,1,NA,13121
"27082",13,1105,539,15,8296279,0,24,6,0,0,1,0,0,0,1,0,0,0,1,NA,13121
"16227",13,1102,536,12,3973515,1,36,12,65000,0,1,0,0,0,1,1,0,1,1,NA,13121
"30887",13,1106,540,16,5886670,1,36,9,33500,0,1,0,0,0,1,1,0,0,1,NA,13121
"25570",13,1104,538,14,459600,1,51,13,29720,0,0,0,1,0,1,0,0,0,1,NA,13121
"10611",13,1101,535,11,5616146,1,50,12,1700,0,0,0,1,0,1,0,1,0,0,NA,13121
"23984",13,1104,538,14,9382560,0,28,13,52000,0,0,0,0,0,1,0,0,0,1,NA,13121
"27712",13,1105,539,15,5961424,1,53,9,18000,0,0,0,1,0,1,0,0,0,1,NA,13121
"13037",13,1102,536,12,2200353,1,47,11,0,0,0,0,1,0,0,1,0,0,0,1,13121
"27316",13,1105,539,15,1262104,0,24,11,4400,0,1,0,0,0,1,0,1,0,0,NA,13121
"14831",13,1102,536,12,6958983,1,29,13,15000,0,0,0,0,0,1,0,0,0,1,NA,13121
"22308",13,1104,538,14,3355046,1,21,8,1200,0,1,0,0,0,1,1,0,0,1,NA,13121
"34535",13,1107,541,17,7330853,1,23,11,2800,0,1,0,0,0,1,0,0,0,1,NA,13121
"19810",13,1103,537,13,2779189,1,31,12,0,0,1,0,0,0,0,0,0,0,1,1,13121
"11141",13,1101,535,11,2761807,0,49,14,1e+05,0,0,0,0,0,1,0,1,0,1,NA,13121
"19505",13,1103,537,13,63604,1,25,11,16000,0,0,0,0,0,1,0,1,0,0,NA,13121
"22015",13,1103,537,13,5725929,1,71,11,65000,0,0,0,0,1,1,0,0,0,0,NA,13121
"23397",13,1104,538,14,8380931,0,47,12,32200,0,0,0,0,0,1,0,0,1,1,NA,13121
"20802",13,1103,537,13,4516593,1,75,7,38100,0,0,0,0,1,1,0,0,0,0,NA,13121
"24241",13,1104,538,14,7819116,1,59,7,6800,0,1,0,0,1,1,0,1,0,0,NA,13121
"17163",13,1102,536,12,8133088,0,25,13,50000,0,1,0,0,0,1,0,0,0,1,NA,13121
"13879",13,1102,536,12,4198109,0,18,3,10000,1,0,0,0,0,0,0,0,0,0,0,13121
"28065",13,1105,539,15,4447521,0,68,11,11400,0,1,0,0,0,1,0,1,1,0,NA,13121
"18861",13,1103,537,13,8012063,1,32,14,12400,0,0,0,0,0,1,0,0,0,1,NA,13121
"32255",13,1106,540,16,3058880,1,32,9,35000,0,1,0,0,0,1,0,0,0,1,NA,13121
"23166",13,1104,538,14,6957275,1,22,13,15000,0,1,0,0,0,1,0,0,0,1,NA,13121
"18905",13,1103,537,13,5298434,1,31,13,40000,0,0,0,1,0,1,1,0,0,0,NA,13121
"17451",13,1102,536,12,4355619,0,23,13,0,0,0,0,0,0,0,0,0,0,0,1,13121
"10174",13,1101,535,11,2719743,1,42,12,52000,0,0,0,0,0,1,0,0,0,1,NA,13121
"27923",13,1105,539,15,6267640,1,37,9,16700,0,1,0,0,0,1,1,0,0,0,NA,13121
"30167",13,1106,540,16,9269381,0,20,8,22000,0,1,0,0,0,1,0,1,0,0,NA,13121
"24444",13,1104,538,14,9957887,0,27,11,109000,0,0,0,1,0,1,0,0,0,1,NA,13121
"33910",13,1107,541,17,5259928,1,22,10,15000,0,1,0,0,0,1,0,0,0,1,NA,13121
"17114",13,1102,536,12,8635991,0,25,13,1e+05,0,0,0,0,0,1,0,0,0,1,NA,13121
"24323",13,1104,538,14,8153081,1,53,13,6000,0,0,0,1,0,1,1,0,0,0,NA,13121
"26714",13,1105,539,15,1438029,1,52,13,40500,0,1,0,1,0,1,0,0,0,1,NA,13121
"25094",13,1104,538,14,499111,0,49,11,36000,0,0,0,0,0,1,0,0,0,1,NA,13121
"18346",13,1102,536,12,4434640,0,30,13,44900,0,0,0,1,0,1,0,0,0,1,NA,13121
"29037",13,1105,539,15,4676688,0,51,9,40000,0,1,0,1,0,1,0,1,1,1,NA,13121
"10187",13,1101,535,11,7368759,1,22,13,9000,0,0,0,0,0,1,0,0,0,1,NA,13121
"13388",13,1102,536,12,7770614,1,60,13,60800,0,0,0,0,0,1,0,0,0,1,NA,13121
"29002",13,1105,539,15,8237969,1,36,11,29000,0,1,0,0,0,1,1,0,1,1,NA,13121
"23704",13,1104,538,14,8383076,0,26,7,0,0,1,0,0,0,1,0,0,0,0,NA,13121
"29725",13,1106,540,16,9311779,0,41,9,10740,0,1,0,0,0,1,0,1,0,1,NA,13121
"17990",13,1102,536,12,3647705,0,46,8,3000,0,0,1,1,0,0,0,1,0,0,0,13121
"11954",13,1101,535,11,8869549,0,55,16,52000,0,0,0,1,0,0,0,1,0,0,1,13121
"26429",13,1105,539,15,5694953,0,37,9,24000,1,0,0,1,0,0,0,0,1,1,1,13121
"14937",13,1102,536,12,4452139,1,53,9,49700,0,0,0,0,0,1,0,0,0,1,NA,13121
"27217",13,1105,539,15,1114624,1,53,9,15300,0,1,0,0,0,1,0,1,0,0,NA,13121
"33195",13,1107,541,17,5969681,1,38,13,30000,0,1,0,1,0,1,1,0,1,0,NA,13121
"32348",13,1106,540,16,1451249,1,37,7,0,0,1,0,0,0,1,1,0,0,0,NA,13121
"32536",13,1107,541,17,991369,1,48,16,54000,0,1,0,0,0,1,0,0,0,1,NA,13121
"20546",13,1103,537,13,2976332,1,58,11,48000,0,0,0,0,0,1,0,0,0,1,NA,13121
"32976",13,1107,541,17,6592402,1,62,11,21800,0,1,0,1,0,1,0,0,0,0,NA,13121
"21485",13,1103,537,13,4932887,0,24,7,22000,0,0,0,0,0,1,0,0,0,1,NA,13121
"29176",13,1106,540,16,7340510,1,20,9,0,0,1,0,0,0,1,0,1,0,0,NA,13121
"14666",13,1102,536,12,865380,1,31,14,12300,0,0,1,1,0,1,0,0,0,1,1,13121
"19618",13,1103,537,13,2297669,0,80,2,6200,0,1,0,0,0,1,0,1,0,0,NA,13121
"26435",13,1105,539,15,3437235,0,46,13,62000,0,1,0,1,0,1,0,0,1,0,NA,13121
"30823",13,1106,540,16,3135253,1,20,9,4200,0,1,0,0,0,1,0,1,0,0,NA,13121
"17465",13,1102,536,12,8104723,1,25,12,11000,0,0,0,0,0,1,0,0,0,1,NA,13121
"16119",13,1102,536,12,9348195,0,45,13,13500,0,0,0,1,0,1,0,0,0,1,NA,13121
"34510",13,1107,541,17,8816070,0,25,9,32000,0,0,0,0,0,1,0,1,0,1,NA,13121
"23474",13,1104,538,14,1544485,0,51,8,0,0,1,0,0,0,1,0,1,1,0,NA,13121
"30108",13,1106,540,16,2466089,1,27,9,20000,0,1,0,0,0,1,1,0,0,1,NA,13121
"30317",13,1106,540,16,3562471,0,46,9,18000,0,1,0,0,0,1,0,0,0,0,NA,13121
"12575",13,1101,535,11,3319516,0,59,14,172650,0,0,0,1,0,1,0,0,1,1,NA,13121
"9783",13,1101,535,11,9456719,1,62,9,22800,0,0,0,1,0,1,0,1,0,1,NA,13121
"24495",13,1104,538,14,1830429,1,44,13,45000,0,0,0,1,0,1,0,0,1,1,1,13121
"11111",13,1101,535,11,3950963,0,36,9,130000,0,0,0,1,0,1,0,0,0,1,NA,13121
"13508",13,1102,536,12,5728869,0,35,14,115000,0,0,0,1,0,1,0,0,0,1,NA,13121
"33227",13,1107,541,17,9498329,1,79,9,4800,0,1,0,0,1,1,0,0,1,0,NA,13121
"24617",13,1104,538,14,5352957,0,69,10,12340,0,0,0,0,0,1,0,0,1,0,NA,13121
"32768",13,1107,541,17,9096921,0,23,9,20000,0,1,0,0,0,1,0,0,0,1,NA,13121
"18892",13,1103,537,13,8478404,0,40,11,38000,0,0,0,0,0,1,0,0,0,1,1,13121
"12130",13,1101,535,11,6312493,1,52,10,81500,0,0,0,1,0,1,0,0,0,1,NA,13121
"32340",13,1106,540,16,7775307,0,42,11,28800,0,1,0,0,0,1,0,0,0,1,NA,13121
"12638",13,1101,535,11,5615259,1,48,13,30000,0,0,0,0,0,1,0,0,0,1,NA,13121
"35057",13,1107,541,17,1708368,1,39,13,26000,0,1,0,1,0,1,1,1,0,0,NA,13121
"31260",13,1106,540,16,2679952,1,64,9,8410,0,1,0,0,0,1,0,1,0,0,NA,13121
"28751",13,1105,539,15,8393560,1,19,7,8500,0,1,0,0,0,1,1,0,0,1,NA,13121
"20155",13,1103,537,13,1495897,1,39,9,29000,0,1,0,0,0,1,1,0,0,1,NA,13121
"24979",13,1104,538,14,2592751,0,52,9,35000,0,1,0,1,0,1,0,0,1,1,NA,13121
"14043",13,1102,536,12,4647769,1,25,12,14000,0,0,0,0,0,1,0,0,0,1,NA,13121
"22604",13,1104,538,14,8412342,1,19,11,2500,0,1,0,0,0,1,0,0,0,0,1,13121
"11561",13,1101,535,11,7593036,1,38,11,315000,0,0,0,1,0,1,0,0,0,1,NA,13121
"26965",13,1105,539,15,1391488,0,21,9,5000,0,1,0,0,0,1,0,0,0,0,NA,13121
"24458",13,1104,538,14,2870326,0,47,9,5200,0,1,0,0,0,1,0,1,1,0,NA,13121
"24930",13,1104,538,14,3937989,0,65,14,39000,0,0,0,1,0,1,0,0,1,1,NA,13121
"13520",13,1102,536,12,617089,0,30,14,55000,0,0,0,0,0,1,0,1,0,1,NA,13121
"34395",13,1107,541,17,4372598,1,48,9,33000,0,1,0,1,0,1,1,0,0,1,NA,13121
"30885",13,1106,540,16,399184,1,40,14,35100,0,1,0,0,0,1,0,0,0,1,NA,13121
"19533",13,1103,537,13,4164640,0,37,11,8010,0,0,0,0,0,1,0,0,0,1,NA,13121
"29410",13,1106,540,16,9588361,1,56,11,29000,0,1,0,0,0,1,0,0,0,1,NA,13121
"25982",13,1104,538,14,7965481,1,63,8,6100,0,1,0,0,1,1,0,1,0,0,NA,13121
"14262",13,1102,536,12,6630339,0,45,8,40000,0,0,0,1,0,1,0,0,0,1,NA,13121
"11595",13,1101,535,11,1113625,1,67,9,8000,0,0,0,1,0,1,0,0,0,0,NA,13121
"27757",13,1105,539,15,559610,0,58,10,0,0,1,0,1,0,1,0,1,0,0,NA,13121
"12329",13,1101,535,11,8461268,0,37,13,92000,0,0,0,1,0,1,0,0,0,1,NA,13121
"34493",13,1107,541,17,4901299,1,31,10,28000,0,0,0,0,0,1,0,0,0,0,NA,13121
"29350",13,1106,540,16,9039703,1,29,7,650,0,1,0,1,0,1,1,1,0,0,NA,13121
"29604",13,1106,540,16,2805659,0,49,8,15000,0,1,0,1,0,1,0,0,0,0,NA,13121
"11350",13,1101,535,11,4376752,0,46,14,50200,0,0,1,1,0,1,0,0,0,1,1,13121
"25947",13,1104,538,14,3735760,0,37,13,70000,0,0,0,1,0,1,0,0,0,1,NA,13121
"20917",13,1103,537,13,968081,0,26,13,35000,0,0,0,0,0,1,0,0,0,1,NA,13121
"11041",13,1101,535,11,8465900,1,56,13,0,0,0,0,1,0,1,0,0,0,0,NA,13121
"27809",13,1105,539,15,8994831,1,31,5,8000,0,0,0,1,0,1,0,0,0,1,1,13121
"16205",13,1102,536,12,28679,1,42,13,40000,0,0,0,0,0,1,0,0,0,1,NA,13121
"33798",13,1107,541,17,1747144,0,42,11,25000,0,0,0,0,0,1,0,0,0,1,NA,13121
"17189",13,1102,536,12,4963097,1,52,14,38100,0,0,0,1,0,1,0,0,0,1,NA,13121
"26481",13,1105,539,15,4827697,0,53,11,41700,0,1,0,1,0,1,0,0,1,1,NA,13121
"20540",13,1103,537,13,5246387,1,32,13,85000,0,0,0,0,0,1,0,0,0,1,NA,13121
"25360",13,1104,538,14,1776326,0,36,9,5000,1,0,0,1,0,0,0,0,0,1,0,13121
"10492",13,1101,535,11,8550131,1,42,13,0,0,0,0,1,0,1,1,0,0,0,NA,13121
"25350",13,1104,538,14,9980297,1,49,11,51370,0,0,0,0,0,1,0,0,0,1,NA,13121
"27606",13,1105,539,15,2426910,1,33,13,40000,0,1,0,0,1,1,0,0,0,1,NA,13121
"26895",13,1105,539,15,4838804,1,43,9,48500,0,1,0,1,0,1,1,0,0,1,NA,13121
"22386",13,1104,538,14,4441022,0,40,13,5900,0,0,0,0,0,1,0,1,0,0,NA,13121
"32017",13,1106,540,16,2287126,1,68,3,9000,0,1,0,0,0,1,0,1,0,0,NA,13121
"12883",13,1102,536,12,3055084,1,75,13,6000,0,0,0,1,0,1,0,0,0,0,NA,13121
"12710",13,1101,535,11,7794402,1,40,10,0,0,0,0,1,0,1,1,0,0,0,NA,13121
"21655",13,1103,537,13,7973575,1,24,5,1000,0,1,0,1,0,1,0,1,0,0,NA,13121
"30737",13,1106,540,16,8682349,1,29,8,3300,0,1,0,0,0,1,1,0,0,0,NA,13121
"32045",13,1106,540,16,611356,0,72,9,24800,0,1,0,1,0,1,0,0,1,0,NA,13121
"13500",13,1102,536,12,9501382,0,30,13,14000,0,0,0,1,0,1,0,0,0,1,NA,13121
"9755",13,1101,535,11,1148217,1,26,13,27900,0,0,0,1,0,0,0,0,0,1,1,13121
"34338",13,1107,541,17,8311145,1,61,7,11300,0,1,0,0,1,1,0,0,0,1,NA,13121
"12720",13,1101,535,11,6293014,1,53,15,8000,0,0,0,0,0,1,0,0,0,1,NA,13121
"29307",13,1106,540,16,4500858,0,42,8,18300,0,1,0,0,0,1,0,1,0,1,NA,13121
"27284",13,1105,539,15,9310500,0,28,5,1100,0,1,0,0,0,1,0,0,0,1,NA,13121
"13734",13,1102,536,12,336180,0,39,14,142000,0,0,0,1,0,1,0,0,0,1,NA,13121
"28980",13,1105,539,15,5411445,1,25,11,0,0,1,0,0,0,1,0,0,0,1,NA,13121
"31868",13,1106,540,16,2275593,1,56,9,21000,0,1,0,0,0,1,0,1,0,1,NA,13121
"26854",13,1105,539,15,53935,1,54,7,21000,0,1,0,0,0,1,0,1,0,0,NA,13121
"22074",13,1103,537,13,5043953,0,44,15,271200,0,0,0,1,0,1,0,0,0,1,NA,13121
"29167",13,1106,540,16,6182846,1,33,9,15000,0,1,0,0,0,1,0,1,0,1,NA,13121
"23378",13,1104,538,14,8448127,0,19,11,1000,0,0,0,1,0,1,0,0,0,0,NA,13121
"32434",13,1107,541,17,1955087,1,48,11,6000,0,1,0,1,0,1,0,0,0,1,NA,13121
"17364",13,1102,536,12,731385,0,35,13,42000,0,0,0,1,0,1,0,0,0,1,NA,13121
"10995",13,1101,535,11,7515006,0,59,13,13000,0,0,0,1,0,1,0,0,1,1,NA,13121
"11849",13,1101,535,11,6423497,0,40,13,50000,0,1,0,1,0,1,0,0,0,1,NA,13121
"17061",13,1102,536,12,6036631,1,62,13,19200,0,0,0,0,0,1,0,0,0,1,NA,13121
"19714",13,1103,537,13,6786067,0,29,13,72000,0,0,0,0,0,1,0,0,0,1,NA,13121
"11031",13,1101,535,11,2614319,0,26,11,80000,0,0,0,1,0,1,0,0,0,1,NA,13121
"22711",13,1104,538,14,6639576,1,19,6,0,0,1,0,0,0,1,0,1,0,0,NA,13121
"15956",13,1102,536,12,357652,1,67,11,4100,0,0,0,1,0,1,0,0,0,0,NA,13121
"15245",13,1102,536,12,1320785,0,53,14,84000,0,0,0,1,0,1,0,0,1,1,NA,13121
"28327",13,1105,539,15,6089685,0,35,13,33500,0,1,0,1,0,1,0,0,1,1,NA,13121
"17250",13,1102,536,12,1331670,0,25,4,5000,1,0,0,0,0,0,0,0,0,1,0,13121
"18953",13,1103,537,13,8472509,1,25,12,9100,0,1,0,0,0,0,0,0,0,1,NA,13121
"22388",13,1104,538,14,4851319,0,18,10,4000,0,0,0,0,1,1,0,0,0,0,NA,13121
"26313",13,1105,539,15,7997432,0,29,7,87000,0,0,0,0,0,1,0,0,0,1,NA,13121
"13566",13,1102,536,12,7097287,1,43,9,11000,0,0,1,1,0,0,1,1,0,1,0,13121
"23201",13,1104,538,14,2822816,1,19,9,0,0,1,0,0,0,1,0,0,0,0,NA,13121
"33341",13,1107,541,17,2866835,1,67,13,35440,0,0,0,0,1,1,0,0,0,0,NA,13121
"17068",13,1102,536,12,9795697,1,56,14,0,0,0,0,1,0,1,0,0,0,0,NA,13121
"35153",13,1107,541,17,6808427,0,74,13,35350,0,1,0,0,0,1,0,1,1,0,NA,13121
"24704",13,1104,538,14,9791041,0,67,9,18200,0,1,0,1,0,1,0,0,1,0,NA,13121
"16939",13,1102,536,12,5172309,0,52,14,73600,0,1,0,1,0,1,0,0,1,0,NA,13121
"11519",13,1101,535,11,8555208,1,30,13,37000,0,0,0,1,0,1,0,0,0,1,NA,13121
"24081",13,1104,538,14,5329381,0,19,11,4000,0,1,0,0,0,1,0,0,0,0,NA,13121
"27632",13,1105,539,15,1998082,0,38,6,10000,0,1,0,0,1,1,0,0,0,1,NA,13121
"16364",13,1102,536,12,7860691,0,51,12,3500,0,0,0,1,0,1,0,0,0,0,NA,13121
"33283",13,1107,541,17,6709498,1,28,6,5500,0,1,0,0,0,1,1,0,0,1,NA,13121
"14987",13,1102,536,12,2612619,0,40,9,0,0,0,0,0,0,1,0,1,0,0,NA,13121
"25476",13,1104,538,14,6182697,0,47,10,65000,0,0,0,0,0,1,0,0,0,1,NA,13121
"22584",13,1104,538,14,1315486,1,47,5,13000,0,1,0,0,0,1,0,0,0,0,NA,13121
"31511",13,1106,540,16,1715097,1,38,5,3900,0,1,0,0,0,1,0,1,0,0,NA,13121
"21370",13,1103,537,13,5615015,1,27,13,45000,0,0,0,0,0,1,0,0,0,1,NA,13121
"12968",13,1102,536,12,8339329,0,43,3,23900,1,0,0,1,0,0,0,1,0,0,0,13121
"32798",13,1107,541,17,7189326,0,47,13,21800,0,1,0,1,0,1,0,0,1,1,NA,13121
"32398",13,1107,541,17,8451985,0,61,8,21000,0,1,0,1,0,1,0,1,0,0,NA,13121
"25804",13,1104,538,14,7838540,0,26,14,42000,0,0,0,0,0,1,0,0,0,1,NA,13121
"21213",13,1103,537,13,3268549,0,63,15,128000,0,0,0,1,0,1,0,0,1,1,NA,13121
"23583",13,1104,538,14,1144286,0,50,10,26000,0,1,0,0,0,1,0,1,0,0,NA,13121
"34483",13,1107,541,17,7292460,1,52,5,1100,0,1,0,0,0,1,0,0,0,1,NA,13121
"20337",13,1103,537,13,1325931,1,44,13,8000,0,0,0,1,0,1,1,0,0,0,NA,13121
"19796",13,1103,537,13,2334891,0,45,16,50000,0,0,1,0,0,1,0,0,0,1,1,13121
"25685",13,1104,538,14,1166789,0,54,9,16000,0,1,0,0,0,1,0,1,1,0,NA,13121
"13338",13,1102,536,12,1357012,0,32,9,37000,0,0,0,0,0,1,0,0,0,1,NA,13121
"33270",13,1107,541,17,4915327,1,88,9,0,0,0,0,0,1,1,0,1,0,0,NA,13121
"13687",13,1102,536,12,4522846,0,40,14,80000,0,0,0,1,0,1,0,1,0,1,NA,13121
"26045",13,1105,539,15,3154861,1,68,9,3500,0,1,0,1,0,1,0,1,0,0,NA,13121
"29313",13,1106,540,16,2142191,1,18,9,0,0,1,0,0,0,1,0,0,0,0,NA,13121
"33432",13,1107,541,17,9646952,0,26,9,15000,0,1,0,0,0,1,0,0,0,0,1,13121
"25772",13,1104,538,14,4286482,0,25,11,40000,0,0,0,0,0,1,0,1,0,1,NA,13121
"24040",13,1104,538,14,8819213,1,20,9,2500,0,0,0,1,0,1,0,0,0,0,NA,13121
"21253",13,1103,537,13,8089904,0,61,13,72000,0,0,0,1,0,1,0,0,1,1,NA,13121
"32203",13,1106,540,16,4293607,0,58,11,14300,0,1,0,0,1,1,0,1,0,0,NA,13121
"31575",13,1106,540,16,3524248,0,56,10,23000,0,1,0,0,0,1,0,0,1,1,NA,13121
"9754",13,1101,535,11,1260334,0,30,11,37000,0,0,1,0,0,1,0,0,0,1,1,13121
"19497",13,1103,537,13,5082831,1,33,11,3000,0,1,0,0,0,1,0,0,0,1,NA,13121
"13287",13,1102,536,12,1219790,1,32,12,32000,0,0,0,1,0,1,0,0,0,0,NA,13121
"20293",13,1103,537,13,8974314,0,25,14,55000,0,0,0,0,0,1,0,0,0,1,NA,13121
"12475",13,1101,535,11,1337305,1,55,9,14000,0,0,0,0,0,1,0,0,0,1,NA,13121
"32757",13,1107,541,17,6960317,0,20,11,7000,0,1,0,0,0,1,0,0,0,1,NA,13121
"29157",13,1106,540,16,274331,1,35,11,12800,0,1,0,1,0,1,0,1,0,1,NA,13121
"19707",13,1103,537,13,2623600,1,29,13,0,0,0,1,0,0,0,0,0,0,0,NA,13121
"32702",13,1107,541,17,741443,0,34,10,27000,0,1,0,0,0,1,0,0,0,1,1,13121
"14563",13,1102,536,12,6439363,0,21,11,12000,0,0,0,0,0,1,0,0,0,1,NA,13121
"27506",13,1105,539,15,8278287,0,67,3,2460,0,1,0,0,0,1,0,1,0,0,NA,13121
"23297",13,1104,538,14,7991951,0,18,11,3100,0,0,0,0,1,1,0,0,0,0,NA,13121
"22122",13,1103,537,13,6971884,0,28,13,101000,0,0,0,0,0,1,0,0,0,1,NA,13121
"26311",13,1105,539,15,2261121,1,38,11,32000,0,1,0,1,0,1,1,0,0,1,NA,13121
"10628",13,1101,535,11,4479586,0,48,10,42000,0,0,0,1,0,1,0,0,1,1,NA,13121
"30634",13,1106,540,16,6685640,1,34,9,8800,0,1,0,0,0,1,1,0,0,0,NA,13121
"17917",13,1102,536,12,3288482,1,66,14,63000,0,0,0,1,0,1,0,0,0,1,NA,13121
"25352",13,1104,538,14,7238229,1,46,9,6600,0,1,0,0,0,1,0,1,0,0,1,13121
"11130",13,1101,535,11,210675,1,42,13,8100,0,1,0,0,0,1,1,0,0,1,NA,13121
"10462",13,1101,535,11,8763134,1,33,11,2704,0,0,0,1,0,1,1,1,0,0,1,13121
"16127",13,1102,536,12,8956129,0,26,13,40000,0,0,0,0,0,1,0,0,0,1,NA,13121
"17520",13,1102,536,12,2993644,1,31,13,35000,0,0,0,0,0,1,0,0,0,1,NA,13121
"31965",13,1106,540,16,4588860,1,63,7,10900,0,1,0,0,1,1,0,0,0,1,NA,13121
"31433",13,1106,540,16,1660880,1,18,6,0,0,1,0,0,0,1,0,0,0,0,NA,13121
"21291",13,1103,537,13,771371,1,23,13,8000,0,0,0,0,0,1,0,0,0,1,NA,13121
"31806",13,1106,540,16,817686,1,65,13,57060,0,1,0,0,1,1,0,1,0,1,NA,13121
"30164",13,1106,540,16,35740,0,29,8,8800,0,1,0,0,0,1,0,0,0,0,NA,13121
"15635",13,1102,536,12,9859492,1,20,9,0,0,1,0,0,0,1,0,0,0,0,1,13121
"33403",13,1107,541,17,5438557,1,73,6,23000,0,0,0,0,1,1,0,0,0,0,NA,13121
"24684",13,1104,538,14,7908214,0,21,9,8600,0,0,1,0,0,1,0,0,0,0,1,13121
"20507",13,1103,537,13,2356504,1,52,13,0,0,0,0,1,0,1,0,0,0,0,NA,13121
"23444",13,1104,538,14,6996423,0,21,11,1000,0,0,0,0,0,1,0,1,0,1,NA,13121
"19736",13,1103,537,13,2216839,0,27,13,38000,0,0,0,0,0,1,0,0,0,1,NA,13121
"20971",13,1103,537,13,9364279,1,18,10,10000,0,0,0,0,0,1,0,0,0,1,NA,13121
"33623",13,1107,541,17,9848026,1,34,13,32000,0,1,0,0,0,1,0,0,0,1,NA,13121
"23898",13,1104,538,14,3503969,1,22,13,51500,0,0,0,0,0,1,0,0,0,1,NA,13121
"32546",13,1107,541,17,6196436,0,37,13,2100,0,1,0,1,0,1,0,0,0,1,NA,13121
"23962",13,1104,538,14,6488597,1,70,3,8400,0,1,0,0,1,1,0,1,0,0,NA,13121
"13923",13,1102,536,12,3729364,1,57,9,8100,0,0,0,1,0,1,0,1,0,0,NA,13121
"29209",13,1106,540,16,7182080,1,52,7,11300,0,1,0,0,0,1,0,1,1,0,NA,13121
"11075",13,1101,535,11,4926363,1,36,13,56000,0,0,0,1,0,0,0,0,0,1,1,13121
"29835",13,1106,540,16,49076,0,29,13,35000,0,1,0,1,0,1,0,0,0,1,NA,13121
"32555",13,1107,541,17,5112666,1,42,13,42000,0,0,0,1,0,1,0,0,0,1,NA,13121
"32327",13,1106,540,16,7237748,0,27,7,0,0,1,0,1,0,1,0,0,0,0,NA,13121
"16848",13,1102,536,12,2380656,1,34,8,16000,0,1,0,1,0,0,1,1,0,1,NA,13121
"33223",13,1107,541,17,7266811,1,71,9,36400,0,0,0,1,0,1,0,0,0,0,NA,13121
"21629",13,1103,537,13,5385362,0,18,9,0,0,0,0,0,0,1,0,0,0,1,1,13121
"13630",13,1102,536,12,9730733,1,37,14,47600,0,0,0,0,0,1,0,0,0,0,NA,13121
"26636",13,1105,539,15,9845793,1,28,13,18000,0,1,0,1,0,1,1,0,0,1,NA,13121
"34448",13,1107,541,17,5545243,1,62,11,149600,0,0,0,0,1,1,0,1,0,1,NA,13121
"13911",13,1102,536,12,8404797,1,36,13,74000,0,1,0,1,0,1,1,0,0,1,NA,13121
"16660",13,1102,536,12,8729411,1,33,13,27600,0,0,0,1,0,1,1,0,0,0,NA,13121
"21737",13,1103,537,13,3456513,0,49,15,325000,0,0,0,1,0,1,0,0,0,1,NA,13121
"12375",13,1101,535,11,3613039,0,60,11,72000,0,0,0,1,0,1,0,0,1,1,NA,13121
"22664",13,1104,538,14,1242750,0,44,14,44000,0,0,0,1,0,1,0,0,0,1,NA,13121
"19252",13,1103,537,13,7430057,0,43,13,25000,0,0,0,0,0,1,0,0,0,1,NA,13121
"11011",13,1101,535,11,8671373,1,37,11,6000,0,0,0,1,0,1,1,0,0,0,NA,13121
"22136",13,1103,537,13,7466580,1,44,9,43000,0,1,0,0,0,1,0,0,0,0,NA,13121
"21792",13,1103,537,13,7901014,1,32,13,58000,0,0,0,1,0,1,0,0,0,1,NA,13121
"11834",13,1101,535,11,6664565,1,28,11,29000,0,0,0,1,0,1,0,0,0,1,NA,13121
"33202",13,1107,541,17,4089957,1,30,13,35000,0,1,0,0,0,1,0,0,0,1,NA,13121
"14934",13,1102,536,12,6178397,1,33,13,37004,0,0,0,0,0,1,0,0,0,1,NA,13121
"29195",13,1106,540,16,642226,1,23,7,10300,0,1,0,0,0,1,0,0,0,0,NA,13121
"20071",13,1103,537,13,9771691,0,23,13,20000,0,1,0,0,0,1,0,0,0,1,NA,13121
"11134",13,1101,535,11,6944852,1,56,13,0,0,1,0,1,0,1,0,0,0,0,NA,13121
"11904",13,1101,535,11,2487580,0,44,14,132000,0,0,0,1,0,1,0,0,0,1,NA,13121
"19033",13,1103,537,13,2511214,1,34,15,0,0,0,0,1,0,1,1,0,0,0,NA,13121
"10046",13,1101,535,11,2515025,1,29,11,30000,0,0,0,0,0,1,0,0,0,1,NA,13121
"25780",13,1104,538,14,6719962,0,37,13,52100,0,0,0,0,0,1,0,0,0,1,NA,13121
"24063",13,1104,538,14,1420571,0,23,12,15700,0,0,0,0,0,1,0,0,0,1,NA,13121
"14156",13,1102,536,12,6401028,1,47,14,50600,0,0,0,0,0,1,0,0,0,1,NA,13121
"14400",13,1102,536,12,1301699,1,49,9,35000,0,0,0,1,0,1,0,0,0,1,NA,13121
"22219",13,1103,537,13,7719780,0,24,13,39200,0,0,1,0,0,1,0,0,0,1,NA,13121
"23887",13,1104,538,14,630950,0,38,11,32000,0,0,0,0,0,1,0,0,0,1,NA,13121
"21392",13,1103,537,13,6976902,1,24,9,8400,0,0,0,0,0,1,0,0,0,1,NA,13121
"19923",13,1103,537,13,5298434,0,35,13,55000,0,0,0,1,0,1,0,0,1,1,NA,13121
"21862",13,1103,537,13,9843481,0,34,14,320000,0,0,0,1,0,1,0,0,0,1,NA,13121
"34494",13,1107,541,17,5787267,1,57,14,38300,0,1,0,0,0,1,0,0,0,1,NA,13121
"19652",13,1103,537,13,6917328,1,51,13,68000,0,0,0,0,0,1,0,0,0,1,1,13121
"31502",13,1106,540,16,5833708,1,41,9,15300,0,1,0,0,0,1,0,1,0,1,NA,13121
"19708",13,1103,537,13,9249270,0,25,13,82000,0,0,0,0,0,1,0,0,0,1,NA,13121
"25706",13,1104,538,14,7313122,1,82,9,25200,0,1,0,1,0,1,0,1,0,0,NA,13121
"20617",13,1103,537,13,2532661,0,26,13,45000,0,1,0,0,0,1,0,0,0,1,NA,13121
"23737",13,1104,538,14,4694871,0,35,11,31000,0,0,0,1,0,1,0,0,0,1,NA,13121
"29868",13,1106,540,16,4114820,0,24,11,32000,0,1,0,0,0,1,0,0,0,1,NA,13121
"29147",13,1106,540,16,1667328,1,63,6,29860,0,1,0,0,0,1,0,0,0,1,NA,13121
"10355",13,1101,535,11,1835858,1,47,9,28300,1,0,0,0,0,1,1,0,0,1,1,13121
"24433",13,1104,538,14,1873995,1,85,4,0,0,1,0,0,0,1,0,1,0,0,NA,13121
"17762",13,1102,536,12,28679,1,38,13,31500,0,0,0,0,0,1,0,0,0,1,NA,13121
"13510",13,1102,536,12,9269216,0,42,13,128000,0,1,0,1,0,1,0,0,0,1,NA,13121
"11092",13,1101,535,11,8498493,0,31,13,91500,0,0,0,1,0,1,0,0,1,1,NA,13121
"32914",13,1107,541,17,5533193,1,35,13,1800,0,1,0,1,0,1,1,0,0,1,NA,13121
"33650",13,1107,541,17,574917,1,33,9,27000,0,0,0,0,0,1,0,0,0,1,NA,13121
"15266",13,1102,536,12,1503708,1,26,14,34060,0,0,0,0,0,1,0,0,0,1,NA,13121
"10769",13,1101,535,11,7833384,0,44,15,316200,0,0,0,1,0,1,0,0,0,1,NA,13121
"26513",13,1105,539,15,7848209,1,44,11,45600,0,1,0,0,0,1,0,0,0,1,NA,13121
"24863",13,1104,538,14,4587029,1,75,11,7600,0,1,0,0,1,1,0,0,0,0,NA,13121
"15348",13,1102,536,12,4534336,0,47,11,36000,0,0,0,0,0,1,0,0,0,1,NA,13121
"26192",13,1105,539,15,8680779,1,32,9,2350,0,1,0,0,0,1,0,1,0,0,NA,13121
"24142",13,1104,538,14,6656956,1,38,15,56000,0,0,0,0,0,1,0,0,0,1,NA,13121
"22944",13,1104,538,14,6773004,1,26,9,0,0,1,0,0,0,1,1,1,0,1,NA,13121
"31818",13,1106,540,16,3960571,1,20,11,0,0,1,0,0,0,1,0,0,0,0,NA,13121
"15696",13,1102,536,12,8708765,0,75,4,7200,0,0,0,1,0,1,0,0,1,0,NA,13121
"17586",13,1102,536,12,3785765,0,53,13,301000,0,0,0,0,1,1,0,0,0,1,NA,13121
"10157",13,1101,535,11,6375014,0,35,13,94000,0,0,0,0,0,1,0,0,0,1,NA,13121
"33952",13,1107,541,17,9854790,1,42,15,20400,0,1,0,0,0,1,1,0,0,0,NA,13121
"14259",13,1102,536,12,9763900,0,26,13,73000,0,0,0,0,0,1,0,0,0,1,NA,13121
"30251",13,1106,540,16,1178675,1,61,10,21100,0,1,0,0,0,1,0,1,0,1,NA,13121
"34665",13,1107,541,17,4231496,1,56,8,0,0,1,0,1,0,1,0,0,0,0,NA,13121
"13770",13,1102,536,12,3497248,1,22,11,17000,0,0,0,1,0,1,1,0,0,1,NA,13121
"21343",13,1103,537,13,8421687,1,79,9,28600,0,0,0,0,1,0,0,0,0,0,1,13121
"23230",13,1104,538,14,8153081,0,21,11,4200,0,0,0,0,0,1,0,0,0,1,NA,13121
"28155",13,1105,539,15,2901859,0,62,8,14100,0,1,0,1,0,1,0,1,0,0,NA,13121
"32353",13,1106,540,16,6277708,0,36,9,19500,0,1,0,0,0,1,0,0,0,1,NA,13121
"25728",13,1104,538,14,2789385,0,31,10,31000,0,1,0,0,0,1,0,0,0,1,NA,13121
"10165",13,1101,535,11,5842808,0,35,11,1700,0,0,0,1,0,1,0,1,0,1,NA,13121
"25778",13,1104,538,14,1755083,0,47,9,8200,0,1,0,0,0,1,0,1,0,0,NA,13121
"26161",13,1105,539,15,9215200,0,73,11,127000,0,0,0,1,0,1,0,0,1,1,NA,13121
"14295",13,1102,536,12,5240940,0,37,13,43600,0,0,0,1,0,1,0,0,0,1,NA,13121
"26801",13,1105,539,15,1785128,1,69,5,7700,0,1,0,0,1,1,0,1,0,0,NA,13121
"15454",13,1102,536,12,2382951,1,27,13,31000,0,0,0,1,0,1,0,0,0,1,NA,13121
"25520",13,1104,538,14,126656,1,41,14,33000,1,0,0,0,0,1,0,0,0,1,1,13121
"15183",13,1102,536,12,9657610,1,24,1,10000,1,0,0,1,0,0,0,0,0,0,0,13121
"26810",13,1105,539,15,9050734,1,52,12,11000,0,1,0,0,0,1,0,0,0,1,NA,13121
"30637",13,1106,540,16,6685640,0,18,1,14400,0,1,0,0,0,1,0,0,0,1,NA,13121
"27889",13,1105,539,15,6660425,1,23,11,16000,0,1,0,0,0,1,0,1,0,1,NA,13121
"14055",13,1102,536,12,152578,0,42,13,325000,0,0,0,1,0,1,0,0,1,1,NA,13121
"9612",13,1101,535,11,1016853,0,22,9,24000,0,0,0,0,0,1,0,0,0,1,NA,13121
"28742",13,1105,539,15,2976028,0,45,9,40000,0,1,0,1,0,1,0,1,0,1,NA,13121
"25621",13,1104,538,14,6089402,0,29,9,34100,0,1,0,0,0,1,0,1,0,1,NA,13121
"13670",13,1102,536,12,9045310,1,48,9,65000,0,0,0,1,0,1,0,0,0,1,NA,13121
"16919",13,1102,536,12,8133088,0,30,13,28000,0,0,0,0,0,1,0,0,0,1,NA,13121
"31835",13,1106,540,16,6492575,1,78,9,13430,0,1,0,0,1,1,0,0,0,0,NA,13121
"34687",13,1107,541,17,4656515,1,38,10,17500,0,1,0,0,0,1,1,1,0,1,NA,13121
"10974",13,1101,535,11,7641915,1,25,13,61000,0,0,0,0,0,1,0,0,0,1,NA,13121
"10137",13,1101,535,11,3645059,0,52,13,125000,0,0,1,1,0,1,0,0,1,1,NA,13121
"34011",13,1107,541,17,3128636,1,74,12,5400,0,0,0,1,0,1,0,0,0,0,NA,13121
"32151",13,1106,540,16,3592001,0,50,9,8000,0,1,0,1,0,1,0,1,0,0,NA,13121
"19759",13,1103,537,13,7837197,0,54,13,155000,0,0,0,1,0,1,0,0,0,1,NA,13121
"15988",13,1102,536,12,9439645,1,36,11,35700,0,0,0,1,0,1,1,0,0,1,NA,13121
"12698",13,1101,535,11,5510334,1,46,13,35000,0,0,0,1,0,1,1,0,0,1,NA,13121
"33331",13,1107,541,17,6867358,1,55,6,0,0,1,0,1,0,1,1,0,0,0,NA,13121
"20248",13,1103,537,13,3311323,1,52,12,87000,0,0,0,0,0,1,0,0,0,1,NA,13121
"26061",13,1105,539,15,5035966,1,19,9,14000,0,1,0,0,0,1,0,0,0,1,NA,13121
"32772",13,1107,541,17,7884526,0,42,5,4700,0,1,0,0,0,1,0,1,0,1,NA,13121
"14833",13,1102,536,12,4791390,0,26,13,58500,0,0,0,0,0,1,0,0,0,1,NA,13121
"27122",13,1105,539,15,1152759,1,21,8,8900,0,1,0,0,0,1,1,0,0,0,NA,13121
"28913",13,1105,539,15,3166639,0,70,6,9800,0,1,0,0,0,1,0,0,1,1,NA,13121
"32106",13,1106,540,16,8761944,0,57,5,8000,0,1,0,0,0,1,0,1,1,0,NA,13121
"18934",13,1103,537,13,925635,0,48,15,95000,0,0,0,1,0,1,0,1,1,1,NA,13121
"30982",13,1106,540,16,6120227,1,27,6,3400,0,1,0,0,0,1,1,0,0,1,NA,13121
"21030",13,1103,537,13,4380775,0,38,13,120000,0,0,0,1,0,1,0,0,0,1,NA,13121
"18713",13,1103,537,13,4513783,0,72,13,141500,0,0,0,0,1,1,0,0,1,0,NA,13121
"18979",13,1103,537,13,424550,1,34,13,70000,0,0,0,1,0,1,0,0,0,1,NA,13121
"34981",13,1107,541,17,5759809,1,49,10,28000,0,1,0,1,0,1,0,0,0,1,NA,13121
"17075",13,1102,536,12,6286186,1,39,9,0,0,0,0,1,0,1,1,0,0,1,NA,13121
"19032",13,1103,537,13,8830749,1,68,15,142400,0,0,0,0,1,1,0,0,0,0,NA,13121
"16460",13,1102,536,12,7004947,1,45,13,139000,0,0,0,1,0,1,1,0,0,0,NA,13121
"22572",13,1104,538,14,9046948,0,40,4,14000,0,0,0,0,0,1,0,0,1,0,NA,13121
"27003",13,1105,539,15,6547308,1,52,8,4800,0,0,0,1,0,1,0,1,0,0,NA,13121
"18596",13,1103,537,13,9177199,1,87,13,7700,0,0,0,0,1,1,0,1,0,0,NA,13121
"17332",13,1102,536,12,2603891,0,25,11,45000,0,1,0,0,0,1,0,0,0,1,NA,13121
"15571",13,1102,536,12,6663150,1,52,9,6400,0,0,0,0,0,1,0,0,0,0,NA,13121
"32230",13,1106,540,16,4110832,1,59,5,6500,0,1,0,0,0,1,0,1,0,0,NA,13121
"32156",13,1106,540,16,1683999,1,39,7,0,0,1,0,1,0,1,0,0,0,1,NA,13121
"33708",13,1107,541,17,4198114,0,35,14,63900,0,1,0,1,0,1,0,1,1,1,1,13121
"9776",13,1101,535,11,9953411,0,53,15,38200,0,0,0,1,0,1,0,0,1,1,NA,13121
"25461",13,1104,538,14,7786544,0,18,11,2600,0,0,0,0,1,1,0,0,0,0,1,13121
"21935",13,1103,537,13,2230546,1,33,13,37000,0,0,0,0,0,1,0,0,0,1,NA,13121
"34517",13,1107,541,17,9631443,1,53,11,40000,0,1,0,0,0,1,0,0,0,1,NA,13121
"12748",13,1101,535,11,166348,1,26,13,40000,0,0,0,1,0,1,0,0,0,1,NA,13121
"31661",13,1106,540,16,5779255,1,20,9,15000,0,1,0,0,0,1,0,0,0,1,NA,13121
"10286",13,1101,535,11,6599142,0,45,14,104000,0,0,1,1,0,1,0,0,0,1,1,13121
"21014",13,1103,537,13,4820800,1,21,9,25000,0,1,0,0,0,1,0,0,0,0,NA,13121
"16194",13,1102,536,12,3388049,0,51,10,55000,0,0,0,1,0,1,0,0,0,1,NA,13121
"32070",13,1106,540,16,2762607,0,18,9,0,0,1,0,0,0,1,0,0,0,0,1,13121
"11836",13,1101,535,11,5548305,1,36,15,6000,0,0,0,1,0,1,1,0,0,0,NA,13121
"10241",13,1101,535,11,875508,1,80,9,14200,0,0,0,0,1,1,0,1,0,0,NA,13121
"31789",13,1106,540,16,9372213,1,30,7,310,0,1,0,0,0,1,1,1,0,0,NA,13121
"17118",13,1102,536,12,2988997,0,35,9,22200,0,0,0,0,0,1,0,0,0,1,NA,13121
"11846",13,1101,535,11,785027,1,39,14,30000,0,0,0,1,0,1,1,0,0,0,NA,13121
"18227",13,1102,536,12,5235598,0,30,12,44300,0,0,0,0,0,1,0,1,0,1,1,13121
"16898",13,1102,536,12,8148886,0,24,5,18000,1,0,0,0,0,0,0,1,0,0,0,13121
"20567",13,1103,537,13,1922039,1,53,12,264000,0,0,0,0,0,1,0,0,0,1,NA,13121
"28109",13,1105,539,15,3340160,1,34,8,0,0,1,0,0,0,1,1,1,0,0,NA,13121
"13857",13,1102,536,12,7302826,0,24,2,3500,1,0,0,1,0,0,0,0,0,1,0,13121
"17541",13,1102,536,12,7266463,0,42,13,60000,0,0,0,1,0,1,0,0,0,1,NA,13121
"33803",13,1107,541,17,6365559,0,56,9,38000,0,0,0,1,0,1,0,0,0,1,NA,13121
"24044",13,1104,538,14,7409069,1,34,9,3000,0,1,0,0,0,1,0,0,0,1,NA,13121
"18494",13,1102,536,12,262965,0,44,13,1e+05,0,1,0,0,0,1,0,0,1,1,NA,13121
"11627",13,1101,535,11,7508028,1,62,9,30000,0,0,0,0,0,1,0,0,0,1,NA,13121
"16561",13,1102,536,12,9005826,1,38,13,70000,0,0,0,1,0,1,1,0,0,1,NA,13121
"17193",13,1102,536,12,8456318,0,64,14,98300,0,0,0,1,0,1,0,1,1,1,NA,13121
"25335",13,1104,538,14,5748169,0,26,1,330,0,1,0,0,0,1,0,1,0,0,NA,13121
"13959",13,1102,536,12,9252054,0,46,13,449000,0,0,0,0,0,1,0,0,1,0,1,13121
"14404",13,1102,536,12,9769006,1,28,9,30000,0,1,0,0,0,1,1,0,0,1,0,13121
"13095",13,1102,536,12,4818542,1,26,9,13000,1,0,0,1,0,0,1,0,0,1,1,13121
"19931",13,1103,537,13,1098920,0,55,16,134000,0,0,0,1,0,1,0,0,1,1,NA,13121
"15254",13,1102,536,12,5154334,1,48,13,81060,0,0,0,1,0,1,0,0,0,1,NA,13121
"31922",13,1106,540,16,5892418,1,29,14,0,0,1,0,0,0,0,0,0,0,0,1,13121
"30139",13,1106,540,16,2608331,1,57,11,27000,0,1,0,0,0,1,0,0,0,1,NA,13121
"28359",13,1105,539,15,5184881,1,59,9,18100,0,1,0,0,0,1,0,1,0,1,NA,13121
"24407",13,1104,538,14,9307372,1,54,14,30000,0,1,0,0,0,1,0,0,0,1,NA,13121
"14230",13,1102,536,12,1962893,0,50,11,18700,0,0,0,0,0,1,0,0,0,1,NA,13121
"29789",13,1106,540,16,4712481,1,41,9,43000,0,1,0,0,0,1,0,1,0,1,NA,13121
"34804",13,1107,541,17,2517942,0,85,2,13000,0,1,0,0,1,1,0,1,0,0,NA,13121
"20950",13,1103,537,13,9453878,1,57,11,13000,0,0,0,0,0,1,0,0,0,1,NA,13121
"20488",13,1103,537,13,7327745,0,27,15,80000,0,0,0,1,0,1,0,0,0,1,NA,13121
"24371",13,1104,538,14,8248027,0,21,10,8000,0,1,0,0,0,1,0,0,0,1,NA,13121
"13150",13,1102,536,12,4519414,1,29,13,41000,0,0,0,0,0,1,0,0,0,1,NA,13121
"25141",13,1104,538,14,6895491,0,29,11,16800,0,1,0,1,0,1,0,0,1,1,NA,13121
"14961",13,1102,536,12,7874571,1,31,15,30050,0,0,0,1,0,1,0,0,0,1,NA,13121
"22150",13,1103,537,13,4427223,1,46,14,70090,0,0,0,1,0,1,0,0,0,1,0,13121
"24775",13,1104,538,14,8168345,0,28,13,3200,0,1,0,0,0,1,0,0,0,1,NA,13121
"18834",13,1103,537,13,3367982,0,80,11,49700,0,0,0,0,0,1,0,0,1,1,NA,13121
"19515",13,1103,537,13,1559393,0,46,14,86000,0,0,0,0,0,1,0,0,0,1,NA,13121
"14078",13,1102,536,12,4527570,0,37,13,315000,0,0,0,1,0,1,0,0,0,1,NA,13121
"27729",13,1105,539,15,4346362,0,83,3,5500,0,1,0,0,1,1,0,1,0,0,NA,13121
"22378",13,1104,538,14,3125645,1,45,9,39700,0,1,0,0,0,1,1,1,0,1,NA,13121
"11150",13,1101,535,11,5881470,0,67,13,123500,0,0,0,1,0,1,0,0,1,1,NA,13121
"10955",13,1101,535,11,5067940,0,73,15,64700,0,0,0,1,0,1,0,0,0,1,NA,13121
"24526",13,1104,538,14,1482643,0,31,11,25000,0,1,0,0,0,1,0,0,0,1,NA,13121
"21597",13,1103,537,13,5236766,0,36,13,136710,0,0,0,0,0,1,0,0,0,1,NA,13121
"32917",13,1107,541,17,5533193,0,36,10,44000,0,1,0,1,0,1,0,0,1,1,NA,13121
"15126",13,1102,536,12,4091562,1,38,13,15000,0,0,0,1,0,1,1,0,0,1,NA,13121
"17074",13,1102,536,12,8746767,1,48,13,13000,0,0,0,1,0,1,1,0,0,1,NA,13121
"31982",13,1106,540,16,7042470,1,57,8,700,0,1,0,0,0,1,0,1,0,0,NA,13121
"33091",13,1107,541,17,5162036,1,19,9,5400,0,1,0,1,0,1,1,0,0,1,1,13121
"23445",13,1104,538,14,7907239,1,28,9,25000,0,0,1,1,0,0,0,0,0,1,0,13121
"18136",13,1102,536,12,4939987,1,23,13,32300,0,0,0,0,0,1,0,0,0,1,NA,13121
"14331",13,1102,536,12,783744,0,53,10,26000,0,1,0,0,1,1,0,0,0,1,NA,13121
"32240",13,1106,540,16,5819508,1,51,15,40600,0,1,0,0,0,1,0,0,1,1,NA,13121
"26528",13,1105,539,15,4875334,1,28,9,26000,0,1,0,0,0,1,1,0,0,1,NA,13121
"14413",13,1102,536,12,4960474,0,59,14,59260,1,0,0,1,0,1,0,0,1,1,1,13121
"15133",13,1102,536,12,1978282,1,93,12,9400,0,0,0,0,1,1,0,1,0,0,NA,13121
"18889",13,1103,537,13,8550237,0,37,14,345000,0,0,0,1,0,1,0,0,0,1,NA,13121
"24968",13,1104,538,14,8467737,0,21,11,4020,0,0,0,1,0,1,0,0,0,0,NA,13121
"17649",13,1102,536,12,5850485,1,39,10,27500,0,0,0,1,0,1,0,0,0,0,NA,13121
"35005",13,1107,541,17,197371,0,54,9,27100,0,1,0,1,0,1,0,0,1,0,NA,13121
"31041",13,1106,540,16,2200797,1,40,8,35000,0,1,0,0,0,1,0,0,0,0,NA,13121
"24451",13,1104,538,14,2717362,0,42,12,44000,0,0,0,0,0,1,0,1,1,0,NA,13121
"31762",13,1106,540,16,6727429,1,65,9,0,0,0,0,1,0,1,0,1,0,0,NA,13121
"12441",13,1101,535,11,6689217,1,24,13,48000,0,0,0,0,0,1,0,0,0,1,NA,13121
"12227",13,1101,535,11,7973909,1,72,10,8180,0,0,0,1,0,1,0,0,0,0,NA,13121
"26729",13,1105,539,15,1641715,1,20,7,3800,0,1,0,0,0,1,0,1,0,1,NA,13121
"13215",13,1102,536,12,4483778,0,26,9,12200,1,0,0,0,0,0,0,1,0,1,0,13121
"12213",13,1101,535,11,2211607,1,57,2,2810,0,1,0,1,0,0,0,0,0,1,0,13121
"23499",13,1104,538,14,5395842,1,19,10,640,0,1,0,1,0,1,0,0,0,0,NA,13121
"12801",13,1101,535,11,5164129,0,43,13,110000,0,0,0,1,0,1,0,0,0,1,NA,13121
"10419",13,1101,535,11,8256208,1,28,13,0,0,1,0,1,0,0,0,0,0,0,1,13121
"11958",13,1101,535,11,7662608,0,47,14,80630,0,1,0,1,0,1,0,0,0,0,1,13121
"10071",13,1101,535,11,8912823,1,31,13,0,0,0,0,1,0,1,1,0,0,0,NA,13121
"21145",13,1103,537,13,804715,1,25,13,83500,0,0,0,1,0,1,0,0,0,0,NA,13121
"19151",13,1103,537,13,5132988,0,31,16,57400,0,0,1,0,0,0,0,1,0,1,1,13121
"12189",13,1101,535,11,8408176,0,23,13,39510,0,0,0,1,0,1,0,0,0,1,NA,13121
"11769",13,1101,535,11,8632010,1,43,11,53000,0,0,0,0,0,1,0,0,0,1,NA,13121
"25843",13,1104,538,14,2290492,1,41,9,0,0,0,0,1,0,1,1,0,0,0,NA,13121
"12742",13,1101,535,11,9194810,1,29,14,26000,0,0,0,0,0,1,0,0,0,1,NA,13121
"20949",13,1103,537,13,3788839,1,28,13,47000,0,0,0,0,0,1,0,0,0,1,NA,13121
"10000",13,1101,535,11,3435603,1,40,15,40000,0,0,0,1,0,1,1,0,0,0,NA,13121
"33889",13,1107,541,17,4915327,1,62,9,0,0,0,0,1,0,1,0,0,0,0,NA,13121
"19536",13,1103,537,13,4816701,0,53,11,95000,0,0,0,1,0,1,0,0,0,1,NA,13121
"18213",13,1102,536,12,4928439,1,21,9,19000,0,1,0,0,0,1,0,0,0,1,NA,13121
"24709",13,1104,538,14,3854480,0,51,12,7300,0,0,0,0,0,1,0,1,0,0,NA,13121
"16955",13,1102,536,12,5270545,1,53,3,0,1,0,0,1,0,0,0,1,0,0,0,13121
"31586",13,1106,540,16,7458304,0,37,8,18000,0,1,0,0,0,1,0,0,0,1,NA,13121
"27462",13,1105,539,15,9687926,0,20,11,4500,0,1,0,0,0,1,0,0,0,1,NA,13121
"18387",13,1102,536,12,9061206,1,24,11,25000,0,0,0,0,0,1,0,0,0,1,NA,13121
"29442",13,1106,540,16,2054138,1,19,9,16000,0,1,0,0,0,1,1,0,0,0,NA,13121
"34359",13,1107,541,17,5743146,0,26,11,50000,0,1,0,0,0,1,0,0,0,1,NA,13121
"18709",13,1103,537,13,3275832,0,24,13,9300,0,0,0,0,0,0,0,0,0,1,1,13121
"21349",13,1103,537,13,4995311,0,48,14,34000,0,0,0,0,0,1,0,0,0,1,1,13121
"18411",13,1102,536,12,1382295,0,31,13,53000,0,0,1,0,0,0,0,0,0,1,1,13121
"33505",13,1107,541,17,5595746,1,35,13,32400,0,1,0,1,0,1,1,0,0,1,NA,13121
"18820",13,1103,537,13,5916094,1,26,9,16400,0,1,1,1,0,1,0,0,0,1,NA,13121
"18995",13,1103,537,13,6526203,0,46,13,59000,0,0,0,0,0,1,0,0,0,1,NA,13121
"16876",13,1102,536,12,7195173,0,45,13,335000,0,0,0,1,0,1,0,0,0,1,NA,13121
"34150",13,1107,541,17,7227314,0,19,6,0,0,1,0,0,0,1,0,0,0,0,NA,13121
